book	witness	ref	cal_text	syriac_text
Mark	Sinaiticus	01:12	)pqth rwx) lmdbr),	ܘܫܪܝ ܗܘܐ ܕܢܡܠܠ ܒܡ̈ܬܠܐ ܓܒܪܐ ܢܨܒ ܟܪܡܐ ܘܐܚܕܪܗ ܣܝܓܐ ܘܚܦܪ ܒܗ ܡܥܨܪܬܐ ܘܒܢܐ ܒܗ ܡܓܕܠܐ ܘܐܘܚܕܗ ܠܦܠܚ̈ܐ ܘܥܢܕ
Mark	Sinaiticus	01:13	whw) tmn ywm:t) )r:b(yn kd mtns) mn sTn) whw) (m xy:wt) wml):k) m$m$yn hww lh%	ܘܟܕ ܢܦܩ ܗܘܐ ܝܫܘܥ ܡܢ ܗܝܟܠܐ ܐܡܪ ܠܗ ܚܕ ܡܢ ܬܠܡܝܕܘܗܝ ܪܒܝ ܗܐ ܚܙܝ ܟܐܦܐ ܘܒܢܝܢܐ ܪܒܐ
Mark	Sinaiticus	01:14	wbtr d)$tlm ywxnn )t) y$w( lglyl), wmkrz hw) sbrt) d)lh)	ܡܢ ܩܕܡ ܬܪܝܢ ܝܘܡ̈ܝܢ ܕܗܘܐ ܗܘܐ ܦܛܝܪܐ ܕܦܣܟ ܒܥܝܢ ܗܘܘ ܪܒܝ ܟܗ̈ܢܐ ܘܣܦܪ̈ܐ ܐܝܟܢܐ ܒܢܟܠܐ ܢܐܚܕܘܢܗ ܘܢܩܛܠܘܢܗ܂
Mark	Sinaiticus	01:15	d$lm zbn) wmTyt mlkwt) d)lh) twbw whymnw bsbrth,	ܘܒܨܦܪܐ ܢܣܒܘ ܡܠܟܐ ܪ̈ܒܝ ܟܗ̈ܢܐ ܘܩܫ̈ܝܫܐ ܘܣܦܪ̈ܐ ܘܟܘܠܗ ܥܡܐ ܘܐܣܪܘܗܝ ܠܝܫܘܥ ܘܐܘܒܠܘܗܝ ܘܐܫܠܡܘܗܝ ܠܦܝܠܛܘܣ
Mark	Sinaiticus	01:16	wkd mhlk hw) (l gnb ymt) dglyl), xz) l$m(wn wl)ndrs )xwhy kd r:myn mcydthwn bym), mTl dcy:d) hww,	ܘܟܕ ܥܒܪܬ ܫܒܬܐ ܙܒܢ ܡܫܚܐ ܘܗܪ̈ܘܡܐ܂ ܡܪܝܡ ܡܓܕܠܝܬܐ܂ ܘܡܪܝܡ ܒܪܬ ܝܥܩܘܒ ܘܫܠܘܡ܂ ܕܢܐܬܝܢ ܢܡܫܚܢܝܗܝ
Mark	Sinaiticus	01:17	w)mr lhwn y$w( tw btry, w)(bdkwn cy:d) dbn:y )n$),	
Mark	Sinaiticus	01:18	wbh b$(t) $bqw mcydt:hwn w)zlw btrh,	
Mark	Sinaiticus	01:19	wkd hlk twb qlyl xz) ly(qwb br zbdy wlywxnn )xwhy, )p lhwn kd ytbyn bspynt) wmtqnyn mcydthwn,	
Mark	Sinaiticus	01:20	wbh b$(t), qr) )nwn w$bqw lzbdy )bwhwn (m )gyr:) bspynt) w)zlw btrh%	
Mark	Sinaiticus	01:21	wmlp hw) b$bt) bknw$t)	
Mark	Sinaiticus	01:22	wtmyhyn hww bywlpnh )yk m$lT) gyr mlp hw) wl) )yk spr:yhwn	
Mark	Sinaiticus	01:23	w)yt hw) bh bknw$thwn gbr) d)yt hwt bh rwx) Tnpt) wq() hw)	
Mark	Sinaiticus	01:25	wk)) bh y$w( w)mr lh skwr pwmk wpwq mnh	
Mark	Sinaiticus	01:26	w$dth rwx) hy Tnpt) wkd q(t bql) rb) npqt mnh	
Mark	Sinaiticus	01:27	wtmh) )xyd hw) lklhwn w)mr:yn hww xd lxd mn) hw hn) ywlpn) xdt) d)yt lh $wlTn) wpqd lr:wx) Tnpt) wm$tm(n lh,	
Mark	Sinaiticus	01:28	wnpq hw) Tbh bkwlh kwr dglyl), wsgy)) )zlyn hww btrh,	
Mark	Sinaiticus	01:29	wnpq mn knw$t) w)tw lbyth d$m(wn k)p) wd)dryws wy(qwb wywxnn (mh hww	
Mark	Sinaiticus	01:31	wqrb w)xdh w)qymh, wbh b$(t) $bqth )$t) wqmt wm$m$) hwt lhwn	
Mark	Sinaiticus	01:33	wmdynt) klh kny$) hwt (l tr(h	
Mark	Sinaiticus	01:36	wb(yn hww lh $m(wn whnwn d(mh,	
Mark	Sinaiticus	01:37	wkd )$kxwhy )mryn lh )n$) sgy:)) b(yn hww lk,	
Mark	Sinaiticus	01:38	)mr lhwn hlkw n)zl lqwr:y) wlmdynt) dqrybn, w)p tmn )krz, lhd) hw gyr )tyt,	
Mark	Sinaiticus	01:39	wmkrz hw) bkwlhyn knw$t) dglyl) wmpq hw) $):d)	
Mark	Sinaiticus	01:40	w)t) lwth, grb) xd wb() hw) mnh wnpl (l r:glwhy w)mr lh d)n cb) )nt m$kx )nt lmdkywtny	
Mark	Sinaiticus	01:41	hw dyn y$w( )trxm (lwhy, wp$T )ydh wqrb lh, w)mr lh cbn) )tdk),	
Mark	Sinaiticus	01:42	wbh b$(t) )tdky,	
Mark	Sinaiticus	01:43	wk)) bh	
Mark	Sinaiticus	01:44	w)mr xzy dlm)	
Mark	Sinaiticus	02:22	wl) )n$ rm) xmr) xdt) bzq) blyt) dl) xmr) mcr) lhyn lzq:), whw xmr) mt)$d wzq:) )bdn )l) rmyn xmr) xdt) bzq:) xdtt),	
Mark	Sinaiticus	02:24	)mr:yn lh pr:y$) lmn) tlmydyk (bdyn b$bt) mdm dl) $lyT	
Mark	Sinaiticus	02:25	)mr lhwn l) mmtwm qrytwn m) d(bd dwyd kd )stnq wkpn hw wd(mh	
Mark	Sinaiticus	02:26	)ykn) (l lbyth d)lh) wlxm) dsym )kl mdm dl) $lyT hw) lm)kl )l) )n lkhn) wyhb )p lhnwn d(mh hww	
Mark	Sinaiticus	02:27	w)mr hw) lhwn d$bt) mTl br )n$) )tbryt	
Mark	Sinaiticus	02:28	mTl hn) mrh d$bt) brh hw d)n$)%	
Mark	Sinaiticus	03:01	w(l twb lknw$t) w)yt hw) tmn gbr) dyby$) hwt )ydh	
Mark	Sinaiticus	03:02	wnTryn hww lh d)n m)s) lh b$bt) dn)klwn qrcwhy	
Mark	Sinaiticus	03:03	)mr lhw gbr) dyby$) )ydh qwm bmc(t)	ܐܡܪ ܠܗܘ ܓܒܪܐ ܕܝܒܝܫܐ ܐܝܕܗ ܩܘܡ ܒܡܨܥܬܐ
Mark	Sinaiticus	03:06	wbr $(th npqw pr:y$) (m dbyt hrwds w)tmlkw dnwbdwnh,	
Mark	Sinaiticus	03:07	wy$w( )zl lh (m tlmyd:why lym) wkn:$) sg:y)) dmn glyl) wmn yhwd	ܡܛܠ ܕܟܘܠܗܘܢ ܝܗܘ̈ܕܝܐ ܘܦܪ̈ܝܫܐ ܐܠܐ ܡܫܝܓܝܢ ܐܝܕܝܗܘܢ ܠܐ ܐܟܠܝܢ ܠܚܡܐ܂ ܕܐܚܝܕܝܢ ܡܫܠܡܢܘܬܐ ܕܩܫܝ̈ܫܐ
Mark	Sinaiticus	03:08	wmn )wr$lm wmn (br) dywrdnn wmn cwr wmn cydn d$m(yn hww klmdm d(bd )tw lwth	ܘܐܢ ܗܘ ܕܫܪܢܐ ܠܗܘܢ ܟܕ ܨܝܡܝܢ ܠܒܬܝܗܘܢ ܥܝܦܝܢ ܢܗܘܘܢ ܒܐܘܪܚܐ ܘܐܢܫܐ ܡܢܗܘܢ ܡܢ ܪܘܚܩ ܐܬܘ
Mark	Sinaiticus	03:09	w)mr hw) ltlm:ydwhy dnqrbwn lh spynt) mTl kn$) dl) nxbcwnh,	ܘܡܙܗܪ ܗܘܐ ܘܠܒܘܫܗ ܡܚܘܪ ܗܘܐ ܐܝܟ ܬܠܓܐ
Mark	Sinaiticus	03:11	w)ylyn d)yt hww (lyhwn mx)wt) dr:wx) Tnpt) nplyn hww qdmwhy wq(yn hww w)mryn )nt hw brh d)lh)	ܘܐܢ ܐܢܫ ܢܐܡܪ ܠܟܘܢ ܡܕܡ ܐܡܪܘ ܠܗ ܕܠܡܪܗ ܡܬܒܥܐ ܘܡܚܕܐ ܡܫܕܪ ܠܗ ܠܟܐ܂
Mark	Sinaiticus	03:13	wslq lTwr), wqr) hw) l)ylyn dcb) w)zlw lwth,	ܘܟܕ ܝܬܒ ܒܛܘܪ ܙܝܬܐ ܠܩܒܠ ܗܝܟܠܐ ܫܐܠܘܗܝ ܟܦܐ ܘܝܥܩܘܒ ܘܝܘܚܢܢ ܘܐܢܕܪܝܘܣ ܒܠܚܘܕܝܗܘܢ
Mark	Sinaiticus	03:14	wgb) mnhwn tr(sr: dnhwwn lwth dnhw) m$dr lhwn mkrzyn	ܘܟܕ ܗܘܐ ܒܒܝܬ ܥܢܝܐ ܒܒܝܬܗ ܕܫܡܥܘܢ ܓܪܒܐ ܟܕ ܣܡܝܟ ܐܬܬ ܐܢܬܬܐ ܚܕܐ ܟܕ ܫܩܝܠܐ ܫܛܝܦܬܐ ܕܒܣܡܐ ܢܪܕܝܢ ܦܣܛܩܘܣ ܛܒܬܐ ܕܝܩܝܪܝܢ ܕܡܘܗܝ ܘܬܒܪܬܗ ܘܐܫܦܥܬܗ ܥܠ ܪܫܗ
Mark	Sinaiticus	03:16	wqr) l$m(wn k)p)	ܘܐܡܪܢ ܗܘܝ ܒܢܦܫܗܝܢ ܡܢ ܕܝܢ ܥܓܠ ܠܢ ܟܦܐ ܕܒܝܬ ܩܒܘܪܐ܂
Mark	Sinaiticus	03:17	wly(qwb br zbdy wlywxnn )xwhy qr) )nwn bny rg$y	
Mark	Sinaiticus	03:18	wl)ndryws wlpylpws wlbr twlmy wlmty wlt)wm) wly(qwb br xlpy wltdy wl$m(wn qnny)	
Mark	Sinaiticus	03:19	wlyhwd) skrywT) m$lmn)% w)t) hw) lbyt)	
Mark	Sinaiticus	03:20	w)t) lwth twb kn$) )ykn) d)pl) lxm) m$kxyn hww lm)kl	
Mark	Sinaiticus	03:22	wspr) )ylyn dmn )wr$lm nxtw )mryn hww b(lzbwb )yt bh wbr$h d$)d) mpq hn) $)d)	
Mark	Sinaiticus	03:23	wqr) )nwn wmll hw) (mhwn bmtl) w)mr l) m$kx sTn) lsTn) lmpqw	
Mark	Sinaiticus	03:24	w)n mlkwt) (l np$h ttplg l) m$kx) lmqm mlkwt) hy	
Mark	Sinaiticus	03:25	w)n byt) (l np$h ntplg l) m$kx byt) hw lmqm	
Mark	Sinaiticus	03:26	w)n sTn) (l np$h )tplg l) m$kx lmqm )l) $wlmh hw	
Mark	Sinaiticus	03:27	l) )n$ m$kx lm(l lbyth dxsyn) wnxTwp m)nwhy )l) )n lwqdm lxsyn) n)swr whydyn nxTwp m)nwhy	
Mark	Sinaiticus	03:28	)myn )myn )mrn) lkwn dkwl xTh) dmgdpyn n$tbqwn lb:ny )n$)	
Mark	Sinaiticus	03:29	kwl d(l rwx) dyn mgdp l) n$tbq lh )l) nhw) mxyb xTh) l(lm	
Mark	Sinaiticus	03:30	d)mryn hww drwx) Tnpt) )yt bh%	
Mark	Sinaiticus	03:31	wkd )tw )xwhy w)mh qymyn hww lbr w$drw lh dnqrwnyhy	
Mark	Sinaiticus	03:33	)mr lhwn mny )my )w )xy	
Mark	Sinaiticus	03:34	wxr b)ylyn dytbyn lwth w)mr h) )my wh) )xy	
Mark	Sinaiticus	03:35	kl )n$ gyr d(bd cbyn) d)lh) hnw )xy wxty w)my	
Mark	Sinaiticus	04:01	twb $ry hw) mlp (l ymt) w)tkn$ hw) lwth kn$) sgy)) whw nxt ytb lh bspynt) bymt) wklh kn$) q)m hw) (l ymt)	
Mark	Sinaiticus	04:02	wmlp hw) lhwn sgy bmtl) wkd mlp hw) lhwn )mr	
Mark	Sinaiticus	04:03	$m(w h) npq zrw() lmzr(	ܐܡܪ ܕܝܢ ܐܦ ܠܗܘܢ ܫܠܝܛ ܒܫܒܬܐ ܠܡܥܒܕ ܕܛܒ ܐܘ ܕܒܝܫ ܢܦܫܐ ܠܡܚܝܘ ܐܘ ܠܡܘܒܕܘ܂ ܂܂܂ ܂܂܂ ܂܂܂ ܂܂܂
Mark	Sinaiticus	04:04	wkd zr( )yt dnpl (l yd )wrx) w)tt prxt) w)klth	ܘܟܕ ܙܪܥ ܐܝܬ ܕܢܦܠ ܥܠ ܝܕ ܐܘܪܚܐ ܘܐܬܬ ܦܪܚܬܐ ܘܐܟܠܬܗ
Mark	Sinaiticus	04:05	w)yt dnpl (l $w() wy() wmTl dlyt hw) (wmq) d)r() txyt (qrh	ܡܛܠ ܕܣܓܝ ܣܘܛܡܐ ܘܫܝܫܠܬܐ ܡܬܒܪ ܗܘܐ ܘܢܦܩ ܘܠܐ ܐܢܫ ܡܫܟܚ ܗܘܐ ܠܡܪܕܝܗ
Mark	Sinaiticus	04:06	wy() b$m$) dhw) (lyh wyb$	
Mark	Sinaiticus	04:07	w)yt dnpl byt kwb) wslqw (mh kwb) wxnqwhy wp)r) l) yhb	ܘܡܢ ܫܘܩܐ ܐܠܐ ܥܡܕܝܢ ܠܐ ܐܟܠܝܢ ܘܣܓܝ̈ܐܬܐ ܐܝܠܝܢ ܕܩܒܠܘ ܢܛܪ̈ܝܢ ܗܘܘ܂ ܘܡܥܡܘܕܝܬܐ ܕܟܣ̈ܐ ܘܩܣܛܐ܂
Mark	Sinaiticus	04:08	w)yt dnpl (l )r() Tbt) wyhb p)r) wrb) wyhb btltyn w$tyn wm))	ܐܡܪܝܢ ܠܗ ܬܠܡܝܕܘܗܝ ܐܝܡܟܐ ܡܫܟܚ ܐܢܬ ܗܪܟܐ ܕܬܣܒܥ ܐܢܘܢ ܠܚܡܐ ܒܚܘܪܒܐ
Mark	Sinaiticus	04:09	w)mr hw) dmn d)yt lh )dn) dn$m( n$m(	ܘܐܬܚܙܝܘ ܠܗܘܢ ܡܘܫܐ ܘܐܠܝܐ ܟܕ ܡܡܠܠܝܢ ܥܡܗ܂
Mark	Sinaiticus	04:10	wkd hw) blxwdyhy $)lwhy tlmydwhy (l mtl) hnwn	ܐܡܪ̈ܝܢ ܠܗ ܡܘܫܐ ܐܦܣ ܠܢ ܕܢܟܬܒ ܟܬܒܐ ܕܫܘܒܩܢܐ ܘܢܬܠ ܠܗ ܘܢܫܪܝܗ܂
Mark	Sinaiticus	04:11	w)mr hw) lhwn dlkwn hw yhb )rz) dmlkwth d)lh) lhnwn dyn br:y) kwl mdm bm:tl) hw)	ܘܐܙܠܘ ܘܐܫܟܚܘ ܥܝܠܐ ܟܕ ܐܣܝܪ ܥܠ ܬܪܥܐ ܕܕܪܬܐ ܒܫܘܩܐ ܘܟܕ ܫܪܝܢ ܠܗ
Mark	Sinaiticus	04:12	dkd xzyn l) nxzwn wkd $m(yn m$m() l) nstklwn dlm) ntwbwn wn$tbqwn lhwn xThyhwn	
Mark	Sinaiticus	04:13	w)mr lhwn l) yd(yn )ntwn lh mtl) hn) w)ykn) klhwn mtl) dtd(wn	ܐܡܪ ܠܢ ܐܡܬܝ ܗܠܝܢ ܢܗܘܝܢ ܘܡܢܐ ܐܬܐ ܕܒܗ ܗܠܝܢ ܡܫܬܠܡܝܢ
Mark	Sinaiticus	04:14	zrw() mlt) zr(	ܘܐܝܬ ܗܘܘ ܐܢܫܐ ܕܐܬܒܐܫ ܠܗܘܢ ܒܢܦܫܗܘܢ ܘܐܡܪܝܢ ܕܠܡܐ ܂܂܂ ܣܪ ܗܢܐ
Mark	Sinaiticus	04:15	hnwn dyn d(l yd )wrx) hnwn )nwn d$m(yn mlt) wm) d$m(w )t) sTn) w$ql lh lmlt) dzry() blbhwn	ܘܬܘܒ ܐܡܪ ܠܗ ܦܝܠܛܘܣ ܠܐ ܡܬܝܒ ܐܢܬ ܠܗܘܢ ܦܬܓܡܐ ܠܐ ܚܙܝܬ ܟܡܐ ܡܣܗܕܝܢ ܥܠܝܟ
Mark	Sinaiticus	04:16	whnwn d(l $w() hnwn )nwn dm) dn$m(wn mlt) bxdwt) mqblyn lh	ܡܛܠ ܕܪܒܐ ܗܘܬ ܛܒ܂ ܘܐܙܠܝ ܘܚܙܝ ܕܡܥܓܠܐ ܗܘܬ ܗܝ ܟܐܦܐ
Mark	Sinaiticus	04:17	wlyt lhwn bh (qr) )l) (l zbn )nwn wm) dhw) )wlcn) )w rdwpy) (l mlt)	
Mark	Sinaiticus	04:41	m$tm(yn lh%	
Mark	Sinaiticus	05:01	w)t) l(br) dym) l)r() dgrgsy),	
Mark	Sinaiticus	05:03	d(mr) hwt byt qbwr:) wl) m$kx hw) )n$ b$y$lt) lm)srh	܂܂܂ ܂܂܂ ܂܂܂ ܂܂܂ ܂܂܂ ܂܂܂ ܂܂܂ ܟܪܝܐ ܠܗ ܥܠ ܡܝܬܘܬ ܠܒܗܘܢ܂ ܘܐܡܪ ܠܗܘ ܓܒܪܐ ܦܫܘܛ ܐܝܕܟ ܘܦܫܛ ܘܬܩܢܬ ܐܝܟ ܚܒܪܬܗ
Mark	Sinaiticus	05:05	wbklzbn blly) wymm) byt qbwr:) wbTwr:) q() hw) wmclp hw) np$h bk)p),	ܘܒܟܠܙܒܢ ܒܠܠܝܐ ܘܝܡܡܐ ܒܝܬ ܩܒܘܪ̈ܐ ܘܒܛܘܪ̈ܐ ܩܥܐ ܗܘܐ ܘܡܨܠܦ ܗܘܐ ܢܦܫܗ ܒܟܐܦܐ܂
Mark	Sinaiticus	05:06	wkd xz) ly$w( mn rwxq) rhT sgd lh	ܬܡܢ ܚܕ ܡܢ ܚܝ̈ܠܐ܂ ܐܠܐ ܥܠ ܟܪ̈ܝܗܐ ܩܠܝܠ ܣܐܡ ܐܝܕ̈ܘܗܝ ܘܐܬܐܣܝܘ
Mark	Sinaiticus	05:07	wq() bql) rb) w)mr m) ly wlk y$w( brh d)lh) rm), mwmn) lk b)lh) dl) t$tnd by,	ܘܒܬܪ ܗܠܝܢ ܫܐܠܘܗܝ ܣܦܪ̈ܐ ܘܦܪ̈ܝܫܐ ܘܐܡܪ̈ܝܢ ܠܗ ܕܠܡܢܐ ܬܠܡܝܕܝܟ ܠܐ ܢܛܪ̈ܝܢ ܦܘܩܕܢܐ ܕܣܒ̈ܝܢ ܠܐ ܓܝܪ ܡܫܝܓܝܢ ܐܝܕܝܗܘܢ ܘܐܟܠܝܢ ܠܚܡܐ
Mark	Sinaiticus	05:08	)mr hw) lh gyr dpwq rwx) Tnpt) mn gbr),	ܘܫܐܠ ܐܢܘܢ ܘܐܡܪ ܠܗܘܢ ܟܡܐ ܠܚܡ̈ܝܢ ܐܝܬ ܠܟܘܢ ܐܡܪ̈ܝܢ ܠܗ ܫܘܒܥܐ
Mark	Sinaiticus	05:09	wm$)l hw) lh d)yn) $mk w)mr lh lgywn $mn mTl sgy)) )nxnn	ܥܢܐ ܟܐܦܐ ܘܐܡܪ ܠܝܫܘܥ ܪܒܝ ܫܦܝܪ ܗܘܐ ܕܗܪܟܐ ܢܗܘܐ܂ ܘܢܥܒܕ ܬܠܬ ܡܛ̈ܠܝܢ ܠܟ ܚܕܐ ܘܠܡܘܫܐ ܚܕܐ ܘܠܐܠܝܐ ܚܕܐ܂
Mark	Sinaiticus	05:10	wb(yn hww mnh hnwn $):d) dl) npq )nwn lbr mn )tr)	ܥܢܐ ܝܫܘܥ ܘܐܡܪ ܠܗܘܢ ܡܘܫܐ ܡܛܠ ܩܫܝܘܬ ܠܒܟܘܢ ܐܦܣ ܠܟܘܢ ܦܘܩܕܢܐ ܗܢܐ
Mark	Sinaiticus	05:11	w)yt hwt dyn tmn lwt Twr:) bqr) rbt) dxzyr:) dr(y) hwt	ܐܡܪܝܢ ܡܢ ܐܢܫܐ ܕܩܝܡܝܢ ܬܡܢ ܡܢܐ ܥܒܕܝܢ ܐܢܬܘܢ ܘܫܪ̈ܝܢ ܐܢܬܘܢ ܥܝܠܐ
Mark	Sinaiticus	05:12	wb(yn hww mnh hnwn $):d) d$dryn lhnwn xzyr:) wn(wl bhwn,	ܘܬܘܒ ܫܕܪ ܠܘܬܗܘܢ ܠܥܒܕܐ ܐܚܪܢܐ ܘܐܦ ܠܗ ܩܛܠܘܗܝ ܘܣܓܝܐܐ ܐܚܪ̈ܢܐ ܡܢܗܘܢ ܡܚܘ ܘܡܢܗܘܢ ܩܛܠܘ܂
Mark	Sinaiticus	05:13	w)ps lhwn wkd npq r:wx) h:nyn Tnpt) (l bxzyr:) wrhTt hy bqr) wnplt bgw ym) )yk tr:yn )lpyn w)txnqw bym)	ܐܡܪ ܠܗܘܢ ܝܫܘܥ ܚܙܘ ܠܡܐ ܐܢܫ ܢܛܥܟܘܢ
Mark	Sinaiticus	05:14	whnwn dr(yn hww lhwn, (rqw w)mrw bmdy:nt) w)p bqwry) wnpqw lmxz) m) dhw)	ܡܫܟܚ ܗܘܐ ܓܝܪ ܕܢܙܕܒܢ ܒܬܠܬܡܐܐ ܕܝܢܪܝܢ ܘܠܡܬܝܗܒܘ ܠܡܣܟܢܐ ܘܡܪ̈ܛܢܝܢ ܗܘܘ ܒܝ̈ܢܬܗܘܢ ܥܠܝܗ
Mark	Sinaiticus	05:15	w)tw lwt y$w( wxzwwhy lhw d)pq hw) mnh $)d) kd ytb wlby$ wmnkp wdxlw	ܗܘ ܕܝܢ ܝܫܘܥ ܡܕܡ ܦܬܓܡܐ ܠܐ ܝܗܒ ܗܘܐ ܕܡܬܕܡܪ ܗܘܐ ܦܝܠܛܘܣ
Mark	Sinaiticus	05:16	w)$t(yw lhwn hnwn dxzw d)ykn) hw) lhw dhw) bh $)d) w)p (l xzyr)	ܘܥܠܝ ܠܒܝܬ ܩܒܘܪܐ ܘܚܙܝ ܥܠܝܡܐ ܕܝܬܒ ܡܢ ܝܡܝܢܗܝܢ ܘܥܛܝܦ ܐܣܛܠܐ ܚܘܪܬܐ ܘܕܚܠܝ
Mark	Sinaiticus	05:17	w$ryw hww b(yn mnh dn)zl lh mn txwmhwn	
Mark	Sinaiticus	05:19	wl) $bqh )l) )mr lh zl lbytk lwt )n$:yk wxw) )nwn mdm d(bd lk mry) w)trxm (lyk	
Mark	Sinaiticus	05:20	w)zl w$ry lmkrzw b(srt mdy:nt) mdm d(bd lh y$w( wklhwn tmyhyn hww%	
Mark	Sinaiticus	05:21	wkd (br y$w( lhw (br) kn$ (lwhy kn$) sgy)) (l gnb ym)	
Mark	Sinaiticus	05:22	w)t) xd mn r:by knw$t) d$mh hw) yw)r$ kd xzyhy npl (l rglwhy	
Mark	Sinaiticus	05:25	w)ntt) xd) )yt hwt drd) hw) dmh $n:yn trt(sr)	
Mark	Sinaiticus	05:26	wsgy sybrt mn )swt) sg:y)) w)pqt kl mdm d)yt hw) lh wmdm	
Mark	Sinaiticus	06:05	tmn xd mn xy:l), )l) (l kr:yh) qlyl s)m )yd:why w)t)syw	ܘܟܕ ܚܙܐ ܠܝܫܘܥ ܡܢ ܪܘܚܩܐ ܪܗܛ ܣܓܕ ܠܗ
Mark	Sinaiticus	06:06	wmtdmr hw) bxsyrwt hymnwthwn% wmtkrk hw) bqwry) wmlp,	ܘܡܬܕܡܪ ܗܘܐ ܒܚܣܝܪܘܬ ܗܝܡܢܘܬܗܘܢ܀ ܘܡܬܟܪܟ ܗܘܐ ܒܩܘܪܝܐ ܘܡܠܦ܂
Mark	Sinaiticus	06:07	wqr) hw) ltr(sr tlmydwhy w$dr )nwn tryn tryn wyhb hw) lhwn $wlTn) (l rwx) Tn:pt)	ܐܡܪ ܠܗܘܢ ܝܫܘܥ ܫܦܝܪ ܐܬܢܒܝ ܥܠܝܟܘܢ ܐܫܥܝܐ ܢܒܝܐ ܐܝܟܢܐ ܕܟܬܝܒ ܕܐܡܪ ܗܘܐ ܕܥܡܐ ܗܢܐ ܒܣܦܘ̈ܬܗ ܡܝܩܪ ܠܝ܂ ܒܠܒܗ ܕܝܢ ܪܚܝܩ ܡܢܝ܂
Mark	Sinaiticus	06:10	l)yn) byt) d(lyn )ntwn lh, tmn hww (dm) dnpqyn )ntwn mn tmn	ܡܢ ܒܪܫܝܬ ܕܝܢ ܕܟܪܐ ܘܢܩܒܬܐ ܥܒܕ ܐܢܘܢ ܐܠܗܐ
Mark	Sinaiticus	06:11	wkwl dl) nqblkwn wl) n$m(kwn m) dnpqyn )ntwn mn tmn pcw xl) drglykwn lshdwthwn,	ܘܗܢܘܢ ܐܡܪܘ ܠܗܘܢ ܐܝܟܢܐ ܕܐܡܪ ܠܗܘܢ ܝܫܘܥ
Mark	Sinaiticus	06:12	wnpqw hww mkr:zyn dntwbwn	ܚܕ ܒܪܐ ܚܒܝܒܐ ܐܝܬ ܗܘܐ ܠܗ ܫܕܪ ܠܘܬܗܘܢ ܘܐܡܪ ܟܒܪ ܢܒܗܬܘܢ ܡܢ ܒܪܝ
Mark	Sinaiticus	06:13	w$):d) s:gy)) mpqyn hww wm$xyn hww bm$x) ls:gy)) wm)syn hww lkr:yh)	ܣܓܝܐܐ ܓܝܪ ܢܐܬܘܢ ܒܫܡܝ ܘܢܐܡܪܘܢ ܕܐܢܐ ܐܢܐ ܘܣܓܝܐܐ ܢܛܥܘܢ܂
Mark	Sinaiticus	06:15	)xrn) dyn )mrw d)ly) hw )xrn) dyn )mryn dnby) hw )yk xd mn nby)	ܘܒܥܝܕܐ ܫܪܐ ܗܘܐ ܠܗܘܢ ܐܣܝܪܐ ܚܕ ܐܝܢܐ ܕܫ̈ܐܠܝܢ ܗܘܘ ܒܥܕܥܝܕܐ
Mark	Sinaiticus	06:16	kd $m( dyn hrwds )mr hn) ywxnn hw dpsqt r$h qm	ܘܐܡܪ ܠܗܝܢ ܠܐ ܕܬܚܠܢ ܠܝܫܘܥ ܗܘ ܢܨܪܝܐ ܒܥܝܢ ܐܢܬܝܢ ܗܘ ܕܙܩܝܦ ܗܘܐ܂ ܩܡ ܠܗ ܘܠܐ ܗܘܐ ܬܢܢ ܗܐ ܕܘܟܬܗ ܐܬܪ ܕܣܝܡ ܗܘܐ
Mark	Sinaiticus	06:17	hw gyr hrwds $dr )xdh lywxnn w)srh byt )syr:) mTl hrwdy) )ntt pylypws )xwhy dnsbh hw),	
Mark	Sinaiticus	06:18	)mr hw) lh gyr ywxnn lhrwds dl) $lyT lk lmsb )ntt )xwk,	
Mark	Sinaiticus	06:20	hw gyr hrwds dxl hw) mnh mn ywxnn, dyd( hw) dzdyq) wqdy$), wmnTr hw) lh wsgy)t) d$m( hw) mnh (bd hw) wbsym)yt $m( hw) lh	
Mark	Sinaiticus	06:21	wgd$ bywm) dbyt yldh dhrwds (bd hw) )x$myt) lrwrbnwhy wlklyr:kwhy lr$) dglyl),	
Mark	Sinaiticus	06:22	w(lt brth dhrwdy) wrqdt w$prt lh lhrwds wl)ylyn dsmykyn (mh w)mr lh mlk) lTlyt) $)ly mny w)tl lky	
Mark	Sinaiticus	06:23	(dm) lplg) dmlkwty wym) lh bmwmt)	
Mark	Sinaiticus	06:26	wkryt lh sgy lmlk), wmTl mwmt) wmTwl smyk) l) )$kx dnhpk,	
Mark	Sinaiticus	06:27	w$dr )spwqlTr) dnpswq nyt) r$h w)zl psq r$h byt )syr:)	
Mark	Sinaiticus	06:28	w)ytywhy bpynk) wyhbh lh lTlyt) why Tlyt) )wblth l)mh,	
Mark	Sinaiticus	06:29	wkd $m(w tlmydwhy )tw $qlw $ldh wsmwh byt qbwr),	
Mark	Sinaiticus	06:30	w)tw $lyx:) lwt y$w(, w)$t(yw lh kwl d(bd w)lp	
Mark	Sinaiticus	06:31	w)mr lhwn tw n)zl lmdbr) blxwdyn w)tnyxw qlyl s:gy)) )zlyn hww w)tyn lwth, wlyt hw) lhwn )tr) )pl) lxm) lm)kl	
Mark	Sinaiticus	06:32	w)zlw l)tr) xwrb) bspynt) blxwdyhwn	
Mark	Sinaiticus	06:34	wxz) kn$) sgy)) )trxm (lyhwn ddmyn hww l(r:b) dlyt lhwn r(y), w$ry hw) lmlpw )nwn,	
Mark	Sinaiticus	06:35	wkd $ry rm$) lmhw) qrbw tlmy:dwhy w)mryn lh )tr) xwrb) hw w(dn) (br	
Mark	Sinaiticus	06:36	$ry )nwn )n$) hnwn n)zlwn lqwr:y) hlyn dxdryn wnzbnwn lhwn m) dlm)kl,	
Mark	Sinaiticus	06:37	)mr lhwn hbw lhwn )ntwn lm)kl, )mryn lh n)zl nzbn bm):) dynr:yn lxm) nyt) lhwn l(s:yn	
Mark	Sinaiticus	06:38	)mr lhwn zlw xzw km) lxm:yn )yt (lykwn )mryn lh xm$ lxm:yn wtr:yn nwn:yn	
Mark	Sinaiticus	06:39	wpqd lhwn dnstmkwn kwlhwn (l (sb),	
Mark	Sinaiticus	06:40	w)stmkw sm:kyn smkyn, dm)) m):) wxm$yn,	
Mark	Sinaiticus	06:41	wnsb hw lhnwn xm$:) lxm:yn wtryn nwn:yn wxr b$my) wbrk wqc) lxm) wyhb ltlm:ydwhy dnsymwn lhwn whnwn tryn nwnyn plgw )nwn lkwlhwn	
Mark	Sinaiticus	06:42	w)klw klhwn wsb(w	
Mark	Sinaiticus	06:44	hwyn hww dyn hnwn d)klw mnhwn xm$) )lpyn gbryn	
Mark	Sinaiticus	06:45	wmn xd) pqd ltlm:ydwhy dnsqwn lspynt) dn)zlwn qdmwhy lbyt cyd) (d $r) hw) lhw kn$)	
Mark	Sinaiticus	06:46	wkd $r) )nwn )zl hw) lTwr) lmclyw,	
Mark	Sinaiticus	06:47	kd hw) dyn rm$) wspynt) bgwh hwt dymt) whw blxwdwhy hw) (l )r()	
Mark	Sinaiticus	06:48	wkd xz) )nwn dm$tnqyn, mn dxlt) dg:ll) mTwl drwx) lqblhwn hwt, )t) lwthwn kd mhlk (l m:y), wcb) hw) dn(br )nwn	
Mark	Sinaiticus	06:49	kd xzwwhy (l m:y) dmhlk sbrw d$)d) hw,	
Mark	Sinaiticus	06:51	wslq lwthwn lspynt) w$lyt rwx) wmtdmr:yn hww bynthwn	
Mark	Sinaiticus	06:52	l) gyr )stklw hww mn lxm), mTl dlbhwn (wyr hw),	
Mark	Sinaiticus	06:53	wkd (brw slqw l)r() dgnsr	
Mark	Sinaiticus	06:54	wkd slq mn spynt) bh b$(t) hy d)stklwhy,	
Mark	Sinaiticus	06:55	(rqw lkwlh kwr, w)ytyw l)ylyn dby$ by$ (bydyn kd $qlyn lhwn b(r:st),	
Mark	Sinaiticus	07:01	w)tkn$w lwth pry$) wspr:) d)tw mn )wr$lm,	
Mark	Sinaiticus	07:03	mTl dkwlhwn yhw:dy) wpr:y$) )l) m$ygyn )ydyhwn l) )klyn lxm), d)xydyn m$lmnwt) dq$y:$)	ܘܝܫܘܥ ܐܙܠ ܠܗ ܥܡ ܬܠܡܝܕ̈ܘܗܝ ܠܝܡܐ ܘܟܢ̈ܫܐ ܣܓ̈ܝܐܐ ܕܡܢ ܓܠܝܠܐ ܘܡܢ ܝܗܘܕ
Mark	Sinaiticus	07:04	wmn $wq) )l) (mdyn l) )klyn wsgy:)t) )ylyn dqblw nTr:yn hww, wm(mwdyt) dks:) wqsT),	ܘܐܝܬ ܕܢܦܠ ܒܝܬ ܟܘܒܐ ܘܣܠܩܘ ܥܡܗ ܟܘܒܐ ܘܚܢܩܘܗܝ ܘܦܐܪܐ ܠܐ ܝܗܒ
Mark	Sinaiticus	07:05	wbtr hlyn $)lwhy spr:) wpr:y$) w)mr:yn lh dlmn) tlmydyk l) nTr:yn pwqdn) dsb:yn l) gyr m$ygyn )ydyhwn w)klyn lxm)	ܘܩܥܐ ܒܩܠܐ ܪܒܐ ܘܐܡܪ ܡܐ ܠܝ ܘܠܟ ܝܫܘܥ ܒܪܗ ܕܐܠܗܐ ܪܡܐ܂ ܡܘܡܢܐ ܠܟ ܒܐܠܗܐ ܕܠܐ ܬܫܬܢܕ ܒܝ܂
Mark	Sinaiticus	07:06	)mr lhwn y$w( $pyr )tnby (lykwn )$(y) nby) )ykn) dktyb d)mr hw) d(m) hn) bspw:th myqr ly, blbh dyn rxyq mny,	ܘܩܪܐ ܗܘܐ ܠܬܪܥܣܪ ܬܠܡܝܕܘܗܝ ܘܫܕܪ ܐܢܘܢ ܬܪܝܢ ܬܪܝܢ ܘܝܗܒ ܗܘܐ ܠܗܘܢ ܫܘܠܛܢܐ ܥܠ ܪܘܚܐ ܛܢ̈ܦܬܐ
Mark	Sinaiticus	07:07	sryq)yt dyn dxlyn ly, dmlpyn ywlpn) dpwq:dn) dbny )n$)	ܣܪܝܩܐܝܬ ܕܝܢ ܕܚܠܝܢ ܠܝ܂ ܕܡܠܦܝܢ ܝܘܠܦܢܐ ܕܦܘܩ̈ܕܢܐ ܕܒܢܝ ܐܢܫܐ
Mark	Sinaiticus	07:09	$pyr (bdyn )ntwn d$bqyn )ntwn pwqdn) d)lh) dtqymwn pwqdnykwn,	ܘܥܢܢܐ ܡܛܠܐ ܗܘܬ ܥܠܘܗܝ ܘܩܠܐ ܐܬܐ ܡܢ ܥܢܢܐ ܗܢܐ ܗܘ ܒܪܝ ܕܚܒܝܒ ܠܗ ܫܡܥܘ
Mark	Sinaiticus	07:10	mw$) gyr )mr dyqr )bwk w)mk wmn dmcx) l)bwhy wl)mh mmt nmwt	ܡܛܠ ܗܢܐ ܢܫܒܘܩ ܓܒܪܐ ܠܐܒܘܗܝ ܘܠܐܡܗ
Mark	Sinaiticus	07:11	)ntwn dyn )mryn )ntwn d)n n)mr l)bwhy wl)mh qwrbn dtthn) mny,	ܘܐܝܬܝܘܗܝ ܠܥܝܠܐ ܠܘܬ ܝܫܘܥ ܘܐܪܡܝܘ ܡܪ̈ܛܘܛܝܗܘܢ ܘܐܪܟܒ ܥܠܘܗܝ
Mark	Sinaiticus	07:12	wl) $bqyn )ntwn lh dnyqr l)bwhy )w l)mh,	ܗܢܘܢ ܕܝܢ ܦܠܚ̈ܐ ܐܡܪܘ ܒܢܦܫܗܘܢ ܕܗܢܘ ܒܪܗ ܝܪܬܗ ܬܘ ܢܩܛܠܝܘܗܝ ܘܢܗܘܐ ܠܗ ܝܘܪܬܢܐ ܕܝܠܢ܂
Mark	Sinaiticus	07:13	wmslyn )ntwn mlt) d)lh) mTl pwqdnykwn% wsgy)t) )yk hlyn (bdyn )ntwn,	ܡܐ ܕܫܡܥܬܘܢ ܕܝܢ ܩܪܣܐ ܘܛܒܐ ܕܩܪܣܐ ܠܐ ܬܕܚܠܘܢ ܥܬܝܕ ܗܘ ܓܝܪ ܕܢܗܘܐ ܐܠܐ ܠܐ ܥܕܡܐ ܠܗܫܐ ܚܪܬܐ
Mark	Sinaiticus	07:14	wqr) lkwlh kn$) w)mr lhwn $m(w kwlkwn w)tTpysw,	ܒܟܘܠ ܙܒܢ ܓܝܪ ܡܣܟܢܐ ܠܘܬܟܘܢ ܐܢܘܢ܂ ܘܐܡܬܝ ܕܨܒܝܢ ܐܢܬܘܢ ܡܫܟܚܝܢ ܐܢܬܘܢ ܕܬܥܒܕܘܢ ܠܗܘܢ ܐܢܐ ܕܝܢ ܒܟܠܙܒܢ ܠܐ ܗܘܝܬ ܠܘܬܟܘܢ
Mark	Sinaiticus	07:15	lyt mdm dlbr mn br )n$) w()l lh wm$kx lmsybwth )l) mdm dnpq mn br )n$) hw hw msyb lh lbr )n$),	ܘܐܣܝܪ ܗܘܐ ܓܒܪܐ ܥܒܕ ܒܝܫܐ ܕܡܬܩܪܐ ܒܪ ܐܒܐ ܘܐܝܬ ܗܘܐ ܓܒܪܐ ܕܥܒܕ ܒܝܫܬܐ ܘܩܛܠ ܩܛܠܐ
Mark	Sinaiticus	07:16	mn d)yt lh )dn) dn$m( n$m(%	ܐܠܐ ܐܙ̈ܠܝ ܐܡܪ̈ܝ ܠܬܠܡ̈ܝܕܘܗܝ ܘܠܟܐܦܐ ܕܗܐ ܡܩܕܡ ܠܟܘܢ ܠܓܠܝܠܐ ܬܡܢ ܬܚܙܘܢܗ ܐܝܟܢܐ ܕܐܡܪ ܠܟܘܢ
Mark	Sinaiticus	07:17	wkd ()l hw) lbyt) mn kn$), $)lwhy hww tlmydwhy (l mtl),	
Mark	Sinaiticus	07:18	hw dyn )mr lhwn, hkn) )p )ntwn (Tlyn )ntwn l) mstklyn )ntwn mdm dl) hw) kwl mdm d()l lbr )n$) msyb lh	
Mark	Sinaiticus	07:20	)l) mdm dnpq mn br )n$) hw hw msyb lh lbr )n$)	
Mark	Sinaiticus	07:23	kwlhyn by$t), mn lgw npqn wmsybn lh lbr )n$),	
Mark	Sinaiticus	07:24	wqm w)zl lh ltxwm) dcwr wkd (l lbyt), l) cb) hw) d)n$ nd( bh wl) m$kx hw) lmtT$yw,	
Mark	Sinaiticus	07:25	wkd $m(t )ntt) d)yt hwt lbrth rwx) Tnpt) )tt nplt qdmwhy,	
Mark	Sinaiticus	07:26	hy )ntt) )rmlt) hwt mn txwm) dcwr dpynyq) wb(y) hwt mnh dnpq rwx) mn brth	
Mark	Sinaiticus	07:27	)mr lh y$w( $bwqy lwqdm nsb(wn bny) l) $pyr lmsb lxm) dbny) wlmrmyw lklb)	
Mark	Sinaiticus	07:28	)mr) lh hy )ntt) mry )p klb:) )klyn mn pr:twt) dntr:yn mn ptwr:) dbny:),	
Mark	Sinaiticus	07:29	)mr lh mTl hd) mlt) )zly h) npq $)d) mn brtky,	
Mark	Sinaiticus	07:30	wkd )zlt lbyth )$kxth, lbrth wnpyq mnh $)d) wrmy) b(rs)	
Mark	Sinaiticus	07:31	wtwb kd npq mn txwm) dcwr wcydwn )t) lymt) dglyl) bynt txwm) d(sr:t mdyn:t)	
Mark	Sinaiticus	07:32	w)ytyw lh xr$) xd p)q) wb(yn hww mnh dnsym (lwhy )ydh	
Mark	Sinaiticus	07:33	wngdh mn kn$) wsm cb(th wrq b)dnwhy wqrb ll$nh	
Mark	Sinaiticus	07:34	wxr b$my) w)ttnx w)mr lh )tptx	
Mark	Sinaiticus	07:37	wmn ytyr mtdmr:yn hww w)mr:,yn dklmdm $pyr (bd wlxr:$) (bd dn$m(wn wnmllwn	
Mark	Sinaiticus	08:01	wbhwn dyn bywmt) hnwn twb kd kn$) sgy)) )yt hw) wl) )yt hw) lhwn m) dn)klwn qr) ltlmydwhy w)mr lhwn	
Mark	Sinaiticus	08:02	mtrxm )n) (l kn$) hn) dh) tlt) ywmyn qwy lwty wlyt m) n)klwn	
Mark	Sinaiticus	08:04	)mryn lh tlmydwhy )ymk) m$kx )nt hrk) dtsb( )nwn lxm) bxwrb)	ܘܐܝܬ ܕܢܦܠ ܥܠ ܐܪܥܐ ܛܒܬܐ ܘܝܗܒ ܦܐܪܐ ܘܪܒܐ ܘܝܗܒ ܒܬܠܬܝܢ ܘܫܬܝܢ ܘܡܐܐ
Mark	Sinaiticus	08:05	w$)l )nwn w)mr lhwn km) lxm:yn )yt lkwn )mr:yn lh $wb()	ܐܡܪ ܗܘܐ ܠܗ ܓܝܪ ܕܦܘܩ ܪܘܚܐ ܛܢܦܬܐ ܡܢ ܓܒܪܐ܂
Mark	Sinaiticus	08:07	w)yt hww nwn) qlyl w)p (lyhwn kd brk )mr dnsymwn qdmyhwn	
Mark	Sinaiticus	08:08	w)klw wsb(w w$qlw ywtrn) dqcy) $b() sprydyn	ܘܐܟܠܘ ܘܣܒܥܘ ܘܫܩܠܘ ܝܘܬܪܢܐ ܕܩܨܝܐ ܫܒܥܐ ܣܦܪܝܕܝܢ
Mark	Sinaiticus	08:09	hwyn hww )n$) d)klw )yk )rb() )lpyn,	ܘܡܢ ܫܠܝܐ ܬܘܒ ܟܕ ܚܙܘ ܬܠܡܝܕܘܗܝ ܐܢܫ ܠܐ ܐܬܚܙܝ ܠܗܘܢ ܐܠܐ ܐܢ ܝܫܘܥ ܒܠܚܘܕܘܗܝ
Mark	Sinaiticus	08:10	w$r) )nwn, wslq ytb lh bspynt) (m tlmy:dwhy w)tw lhwn lTwr) dmgdn,	ܘܢܗܘܘܢ ܬܪܝܗܘܢ ܚܕ ܒܣܪ܂ ܡܟܝܠ ܠܐ ܗܘܘ ܬܪܝܢ ܐܠܐ ܚܕ ܐܢܘܢ ܒܣܪ܂
Mark	Sinaiticus	08:11	wnpqw pr:y$) w$r:yw b(yn mnh w$)lyn lh )t) mn $my) kd mnsyn lh	ܘܣܓܝܐܐ ܡܫܘܝܢ ܗܘܘ ܡܪܛܘܛܝܗܘܢ ܒܐܘܪܚܐ
Mark	Sinaiticus	08:13	w$bq )nwn twb wytb bspynt), w)zl lhw (br) dymt),	ܢܩܘܡ ܓܝܪ ܥܡܐ ܥܠ ܥܡܐ ܘܡܠܟܘܬܐ ܥܠ ܡܠܟܘܬܐ܂ ܘܢܗܘܘܢ ܙܘܥ̈ܐ ܒܕܘܟܐ ܕܘܟܐ ܟܦܢܐ ܘܫܓܘܫܝܐ ܪܫܐ ܐܢܝܢ ܕܚܒܠܬܐ
Mark	Sinaiticus	08:14	wT(w dnsbwn (mhwn lxm) xd) gyr gryct) lyt hwt (mhwn bspynt)	ܗܢܐ ܓܝܪ ܡܕܡ ܕܥܒܕܬ ܐܝܟ ܕܠܡܩܒܪܢܝ ܗܐ ܥܒܕܬ ܘܩܕܡܬ ܒܣܡܬ ܓܘܫܡܝ
Mark	Sinaiticus	08:15	wpqd )nwn w)mr lhwn )zdhrw mn xmyr) dpry$) wmn xmyrh dhrwds	ܘܓܥܐ ܥܡܐ ܘܫܪܝ ܠܡܫܐܠ ܕܢܥܒܕ ܠܗܘܢ
Mark	Sinaiticus	08:16	wmtx$byn hww xd (m xd w)mryn dlyt lxm)	ܘܟܕ ܫܡܥܝ ܢܦܩܝ ܘܐܙܠ ܘܠܐܢܫ ܡܕܡ ܠܐ ܐܡܪ ܡܛܠ ܕܕܚܠܢ ܗܘܝ܀
Mark	Sinaiticus	08:18	w(yn) )yt lkwn wl) xzyn )ntwn w)dn) )yt lkwn wl) $m(yn )ntwn wl) (hdyn )ntwn	
Mark	Sinaiticus	08:19	hnwn xm$) lxmyn dxm$) )lpyn )klw mnhwn wkm) qwpynyn dqcy) kd mlyn $qltwn )mryn lh tr(sr	
Mark	Sinaiticus	08:20	)mr lhwn wkd $b() l)rb() )lpyn km) )sprydyn dqcy) $qltwn )mryn lh $b()	
Mark	Sinaiticus	08:21	)mr lhwn l) (dm) lh$) mstklyn )ntwn	
Mark	Sinaiticus	08:22	w)t) lbyt cyd) w)ytyw lh smy) wb(yn hww mnh dnqrwb lh	
Mark	Sinaiticus	08:23	w)xdh b)ydh dsmy) w)pqh lbr mn qryt) wrq b(ynwhy wsm )ydh w$)lh w)mr lh mn) )nt txz)	
Mark	Sinaiticus	08:24	w)mr xzyt lbny )n$) )yk )yln) dmhlkyn	
Mark	Sinaiticus	08:26	w$drh lbyth w)mr lh d)pl) lqryt) t(wl%	
Mark	Sinaiticus	08:27	wnpq y$w( wtlm:ydwhy lqwr:y) dqsry) dpylypws wm$)l hw) lhwn ltlmydwhy b)wrx) w)mr lhwn dmn) )mr:yn )n$) (ly d)yty,	
Mark	Sinaiticus	08:28	)mr:yn lh )yt d)mr:yn dywxnn hw m(mdn), w)xr:n) )mr:yn d)ly), w)xr:n) dxd mn nb:y),	
Mark	Sinaiticus	08:29	)mr lhwn w)ntwn mn) )mryn )ntwn d)yty, )mr lh k)p) )nt hw m$yx)	
Mark	Sinaiticus	08:30	wk)) bhwn dl)n$ l) n)mrwn (lwhy,	
Mark	Sinaiticus	08:31	w$ry hw) lmlpw )nwn d(tyd hw brh d)n$) dnx$ sgy, wdnstl) mn q$:y$) wmn r:by khn) wmn spr:) wnqTlwnh wlywm) d:tlt) nqwm	
Mark	Sinaiticus	08:33	wkd )thpk xr btlm:ydwhy, wk)) bk)p) w)mr zl lbstry sTn) dl) rn) )nt d)lh), )l) db:ny )n$)%	
Mark	Sinaiticus	08:34	wqr) lkn$) (m tlm:ydwhy w)mr lhwn mn dcb) dn)t) btry nkpwr bnp$h wn$qwl zqyph wn)t),	
Mark	Sinaiticus	08:35	kwl gyr dcb) dnx) np$h nwbdyh, wkl dnwbd np$h mTl sbrty nxyh	
Mark	Sinaiticus	08:38	kl dnbht by gyr wbm:ly bb:ny $rbt) hd) gyrt) wxTyt), )p brh dgbr) nbht bh m) d)t) b$wbxh d)bwhy wml:)k) qdy:$)	
Mark	Sinaiticus	09:01	)mr hw) lhwn )myn )mrn) lkwn d)yt tnn )n$) mn hlyn dqymyn dl) nT(mwn mwt) (dm) dnxzwn mlkwth d)lh) d)ty) bxyl)	
Mark	Sinaiticus	09:02	wmn btr $t ywmy:n dbr y$w( lk)p) wly(qwb wlywxnn, w)sq )nwn lTwr) rm) blxwdyhwn w)txlp qdmyhwn	
Mark	Sinaiticus	09:03	wmzhr hw) wlbw$h mxwr hw) )yk tlg)	ܘܐܡܪ ܗܘܐ ܠܬܠܡ̈ܝܕܘܗܝ ܕܢܩܪܒܘܢ ܠܗ ܣܦܝܢܬܐ ܡܛܠ ܟܢܫܐ ܕܠܐ ܢܚܒܨܘܢܗ܂
Mark	Sinaiticus	09:04	w)txzyw lhwn mw$) w)ly) kd mmllyn (mh,	ܘܐܡܪ ܗܘܐ ܕܡܢ ܕܐܝܬ ܠܗ ܐܕܢܐ ܕܢܫܡܥ ܢܫܡܥ
Mark	Sinaiticus	09:05	(n) k)p) w)mr ly$w( rby $pyr hw) dhrk) nhw), wn(bd tlt mT:lyn lk xd) wlmw$) xd) wl)ly) xd),	ܘܡܫܐܠ ܗܘܐ ܠܗ ܕܐܝܢܐ ܫܡܟ ܘܐܡܪ ܠܗ ܠܓܝܘܢ ܫܡܢ ܡܛܠ ܣܓܝܐܐ ܐܢܚܢܢ
Mark	Sinaiticus	09:06	wl) yd( hw) mn) )mr hw) mTl ddxlt) nplt hwt (lwhy,	ܘܣܕܠܐ ܗܘܘ ܣܐܢܝܢ܂ ܘܠܐ ܢܠܒܫܘܢ ܬܪܬܝܢ ܟܘܬܘܢܝܢ
Mark	Sinaiticus	09:07	w(nn) mTl) hwt (lwhy wql) )t) mn (nn) hn) hw bry dxbyb lh $m(w	ܫܦܝܪ ܥܒܕܝܢ ܐܢܬܘܢ ܕܫܒܩܝܢ ܐܢܬܘܢ ܦܘܩܕܢܐ ܕܐܠܗܐ ܕܬܩܝܡܘܢ ܦܘܩܕܢܝܟܘܢ܂
Mark	Sinaiticus	09:08	wmn $ly) twb kd xzw tlmydwhy )n$ l) )txzy lhwn )l) )n y$w( blxwdwhy	ܗܘܝܢ ܗܘܘ ܐܢܫܐ ܕܐܟܠܘ ܐܝܟ ܐܪܒܥܐ ܐܠܦܝܢ܂
Mark	Sinaiticus	09:09	kd nxtyn mn Twr), mpqd hw) lhwn dl)n$ l) n)mrwn mdm dxzw )l) m) dqm brh d)n$) mn byt myt)	ܟܕ ܢܚܬܝܢ ܡܢ ܛܘܪܐ܂ ܡܦܩܕ ܗܘܐ ܠܗܘܢ ܕܠܐܢܫ ܠܐ ܢܐܡܪܘܢ ܡܕܡ ܕܚܙܘ ܐܠܐ ܡܐ ܕܩܡ ܒܪܗ ܕܐܢܫܐ ܡܢ ܒܝܬ ܡܝܬܐ
Mark	Sinaiticus	09:10	wmlt) )xdw kd lwthwn mtr(yn hww w)mr:yn dmn) hy ky mlt) hd) d)mr dm) dqm mn byt my:t)%	ܡܕܡ ܕܐܠܗܐ ܗܟܝܠ ܙܘܓ ܒܪ ܐܢܫ ܠܐ ܢܦܪܘܫ
Mark	Sinaiticus	09:11	wm$)lyn hww lh w)mr:yn, d)mr:yn spr:) d)ly) hw )t) lwqdm	ܘܐܝܠܝܢ ܕܐܙܠܝܢ ܗܘܘ ܩܕܡܘܗܝ ܘܕܐܬܝܢ ܒܬܪܗ ܩܥܝܢ ܗܘܘ ܘܐܡܪܝܢ ܐܘܫܥܢܐ ܒܪܝܟ ܗܘ ܕܐܬܐ ܒܫܡܗ ܕܡܪܝܐ
Mark	Sinaiticus	09:12	(n) w)mr lhwn )ly) )t) lwqdm dkl mdm ntqn, w)ykn) ktyb (l brh d)n$) l) dsgy nx$ wncTlb	ܡܐ ܕܐܬܐ ܡܪܗ ܕܟܪܡܐ ܡܢܐ ܢܥܒܕ ܢܘܒܕ ܐܢܘܢ ܠܦܠܚ̈ܐ ܘܢܬܠܝܘܗܝ ܠܟܪܡܗ ܠܐܚܪ̈ܢܐ܂
Mark	Sinaiticus	09:13	)l) )mr )n) lkwn d)ly) )t) w(bdw bh kl m) dcbw )ykn) dktyb (lwhy	ܘܢܫܠܡܘܢܟܘܢ ܠܥܡܐ ܘܠܒܝܬ ܟܢܘܫܬܐ ܘܩܕܡ ܡܠܟ̈ܐ ܬܩܘܡܘܢ ܘܬܬܢܓܕܘܢ ܩܕܡ ܗܓܡ̈ܘܢܐ ܡܛܘܠܬܝ ܠܣܗܕܘܬܐ ܠܗܘܢ
Mark	Sinaiticus	09:14	kd )t) lwt tlmydwhy xzw lwthwn kn$) sgy)) wspr:) kd b(yn (mhwn	ܐܡܝܢ ܐܡܪܢܐ ܠܟܘܢ ܕܟܕ ܕܬܣܬܒܪ ܣܒܪܬܝ ܒܟܘܠܗ ܥܠܡܐ ܢܗܘܐ ܠܗ ܕܘܟܪܢܐ ܕܗܢܐ ܡܕܡ ܕܥܒܕܬ܀
Mark	Sinaiticus	09:15	wbh b$(t) kd xzwwhy twhw wrhTw $)lw b$lmh	ܥܢܐ ܦܝܠܛܘܣ ܘܐܡܪ ܠܗܘܢ܂ ܨܒܝܢ ܐܢܬܘܢ ܕܐܫܪܐ ܠܟܘܢ ܠܡܠܟܗܘܢ ܕܝܗܘܕ̈ܝܐ
Mark	Sinaiticus	09:16	wm$)l hw) lhwn dmn) b(yn )ntwn (mhwn	
Mark	Sinaiticus	09:17	w(n) xd mn kn$) w)mr mlpn) )ytyt lwtk bry d)yt lh rwx)	
Mark	Sinaiticus	09:20	w)ytyh lwth wkd xzyhy )rmyth rwx) bh b$(t) wnpl (l )r() wmtb(q hw) kd mr(t	
Mark	Sinaiticus	09:21	w$)l hw) y$w( l)bwhy dkm) lh zbn) h) mn dhkn) hw) )mr lh h) mn Tlywth	
Mark	Sinaiticus	09:22	wsgy bnwr) )rmyth wbm:y) dtwbdyhy )l) km) dm$kx )nt mry (dryny w)trxm (ly	
Mark	Sinaiticus	09:23	)mr lh y$w( )n mhymn )nt klmdm m$kx lmhw) lk,	
Mark	Sinaiticus	09:25	kd xz) y$w( drhTyn )n$) d)tyn k)) bhy rwx) w)mr lh lky pqdn) rwx) xr$t) dl) mmll) pwqy mnh wtwb l) t(lyn lh	
Mark	Sinaiticus	09:26	wq() w$xqh sgy wnpq mnh whw) )yk myt) wsbrw sgy)) dmyt lh	
Mark	Sinaiticus	09:27	hw dyn y$w( )xdh b)ydh w)qymh w)$lmh l)bwhy	
Mark	Sinaiticus	09:28	wkd (l lbyt) $)lwhy tlmydwhy bynyhwn wlh dlmn) l) m$kxyn )nxnn lmpqwth	
Mark	Sinaiticus	09:29	)mr lhwn hn) gns) bmdm l) npq )l) bcwm) wbclwt)%	
Mark	Sinaiticus	09:31	wmlp hw) lhwn ltlmydwhy w)mr lhwn dbrh d)n$) m$tlm b)ydy bny )n$) wnqTlwnyhy wm) dqTlwhy bywm) dtlt) nqwm	
Mark	Sinaiticus	09:32	whnwn l) m$twd(yn hww mdm d)mr lhwn, wdxlyn hww dn$)lwnhy,	
Mark	Sinaiticus	09:33	w)t) lkprnxwm, wkd (l lbyth m$)l hw) lhwn dmn) mmllyn hwytwn xd (m xd b)wrx)	
Mark	Sinaiticus	09:34	whnwn $tyqyn hww hlyn gyr mtx$byn hww dmnw nhw) rb	
Mark	Sinaiticus	09:35	wytb wqr) ltr(srth w)mr lhwn mn dcb) dnhw) qdmy) nhw) )xry) dkl )n$ wm$m$n) dkl )n$	
Mark	Sinaiticus	09:36	wnsb hw) Tly) xd w)qymh bynthwn wxr bh w)mr lhwn	
Mark	Sinaiticus	09:37	dkwl dnqbl )yk Tly) hn) b$my ly hw mqbl l) hw) ly mqbl, )l) lmn d$drny	
Mark	Sinaiticus	09:39	hw dyn )mr lhwn l) tklwnyhy lyt gyr )n$ d(bd mdm b$my wm$kx dn)mr (ly dby$	
Mark	Sinaiticus	09:40	mn dl) hw) gyr lqwbln (mn hw	
Mark	Sinaiticus	09:41	kl dn$qkwn gyr ks) dmy:) b$m) ddm$yx) )ntwn )myn )mr )n) lkwn dl) )wbd )grh	
Mark	Sinaiticus	09:42	wkl dnk$l lxd mn hlyn z(wr:) dmhymnyn by pqx hw) lh )lw rmy) rxy) dxmr) bcwrh wmTb( bym)	
Mark	Sinaiticus	09:43	w)n )ydk hkyl mk$l) lk pswqyh mnk pqx lk gyr dkd )yt, lk xd) )yd) t(wl lxy) wl) kd )yt lk tr:tyn )ydyn t)zl lnwr) dl) d(k)	
Mark	Sinaiticus	09:45	w)n rglk mk$l) lk pswq $dyh mnk pqx lk gyr dkd xgys )nt t(wl lxy) wl) kd )yt lk trtyn r:glyn t)zl lghn)	
Mark	Sinaiticus	09:47	)n (ynk mk$l) lk xcyh mnk pqx lk gyr dkd xd) hy lk (yn), t(wl lmlkwt) d)lh), wl) kd )yt lk trtyn (ynyn t)zl lghn)	
Mark	Sinaiticus	09:48	)tr dl) twl(hwn myt) wl) nwrhwn d(k)	
Mark	Sinaiticus	09:49	kwl )n$ gyr bnwr) ntmlx,	
Mark	Sinaiticus	10:01	wqm mn tmn w)t) ltxwm) dyhwd l(br) dywrdnn w)zl twb lwth kn$) w)yk dm(d hw) m)s) wmlp hw) lhwn	
Mark	Sinaiticus	10:02	w$)lyn hww lh kd mnsyn lh d)n $lyT lgbr) dn$bwq )ntth	
Mark	Sinaiticus	10:03	w(n) w)mr lhwn mw$) mn) pqdkwn,	ܣܓܝܐܐ ܓܝܪ ܡܐܣܐ ܗܘܐ܂ ܘܣ̈ܓܝܐܐ ܚܒܝܨ̈ܝܢ ܗܘܘ ܕܢܩܪܒܘܢ ܠܗ
Mark	Sinaiticus	10:04	)mr:yn lh mw$) )ps ln dnktb ktb) d$wbqn) wntl lh wn$ryh,	ܘܟܕ ܗܘܐ ܒܠܚܘܕܝܗܝ ܫܐܠܘܗܝ ܬܠܡܝܕܘܗܝ ܥܠ ܡܬܠܐ ܗܢܘܢ
Mark	Sinaiticus	10:05	(n) y$w( w)mr lhwn mw$) mTl q$ywt lbkwn )ps lkwn pwqdn) hn)	ܘܒܥܝܢ ܗܘܘ ܡܢܗ ܗܢܘܢ ܫܐ̈ܕܐ ܕܠܐ ܢܦܩ ܐܢܘܢ ܠܒܪ ܡܢ ܐܬܪܐ
Mark	Sinaiticus	10:06	mn br$yt dyn dkr) wnqbt) (bd )nwn )lh)	ܠܐܝܢܐ ܒܝܬܐ ܕܥܠܝܢ ܐܢܬܘܢ ܠܗ܂ ܬܡܢ ܗܘܘ ܥܕܡܐ ܕܢܦܩܝܢ ܐܢܬܘܢ ܡܢ ܬܡܢ
Mark	Sinaiticus	10:07	mTl hn) n$bwq gbr) l)bwhy wl)mh	ܡܘܫܐ ܓܝܪ ܐܡܪ ܕܝܩܪ ܐܒܘܟ ܘܐܡܟ ܘܡܢ ܕܡܨܚܐ ܠܐܒܘܗܝ ܘܠܐܡܗ ܡܡܬ ܢܡܘܬ
Mark	Sinaiticus	10:08	wnhwwn tryhwn xd bsr, mkyl l) hww tryn )l) xd )nwn bsr,	ܘܫܪܐ ܐܢܘܢ܂ ܘܣܠܩ ܝܬܒ ܠܗ ܒܣܦܝܢܬܐ ܥܡ ܬܠܡܝ̈ܕܘܗܝ ܘܐܬܘ ܠܗܘܢ ܠܛܘܪܐ ܕܡܓܕܢ܂
Mark	Sinaiticus	10:09	mdm d)lh) hkyl zwg br )n$ l) nprw$	ܘܡܠܬܐ ܐܚܕܘ ܟܕ ܠܘܬܗܘܢ ܡܬܪܥܝܢ ܗܘܘ ܘܐܡܪ̈ܝܢ ܕܡܢܐ ܗܝ ܟܝ ܡܠܬܐ ܗܕܐ ܕܐܡܪ ܕܡܐ ܕܩܡ ܡܢ ܒܝܬ ܡܝ̈ܬܐ܀
Mark	Sinaiticus	10:10	kd (l lbyt) twb $)lwhy tlmydwhy (l hd),	ܟܕ ܥܠ ܠܒܝܬܐ ܬܘܒ ܫܐܠܘܗܝ ܬܠܡܝܕܘܗܝ ܥܠ ܗܕܐ܂
Mark	Sinaiticus	10:12	)mr lhwn )yd) )ntt) d$bq) b(lh whwy) l)xrn) mgr gyr), w)yn) gbr) d$bq )ntth wnsb )xrt) mgr g)r%	ܘܐܦܠܐ ܗܢܐ ܟܬܒܐ ܩܪܝܬܘܢ ܕܟܐܦܐ ܕܐܣܠܝܘ ܒܢ̈ܝܐ ܗܝ ܗܘܬ ܠܪܫܐ ܕܙܘܝܬܐ
Mark	Sinaiticus	10:13	wqrbw lh Tly) dnsym )ydh (lyhwn, wk)w bhwn tlm:ydwhy bhnwn dmqrbyn hww lhwn,	ܘܠܟܠܗܘܢ ܥܡܡ̈ܐ ܠܘܩܕܡ ܓܝܪ ܬܬܟܪܙ ܣܒܪܬܐ ܗܕܐ
Mark	Sinaiticus	10:14	kd xz) y$w( )tb)$ lh wk)) bhwn w)mr lhwn $bwqw Tly) )tyn lwty wl) tklwn )nwn d)ylyn gyr d)yk hlyn )nwn dylhwn hy mlkwt) d)lh),	ܘܝܗܘܕܐ ܣܟܪܝܘܛܐ ܚܕ ܡܢ ܬܪܥܣܪ ܐܙܠ ܠܘܬ ܪ̈ܒܝ ܟܗܢܐ ܐܝܟ ܕܢܫܠܡܝܗܝ
Mark	Sinaiticus	10:15	)myn )mrn) lkwn dkwl dl) nqbl mlkwt) d)lh) )yk Tly) l) n(wl lh	ܝܕܥ ܗܘܐ ܓܝܪ ܦܝܠܛܘܣ ܕܡܢ ܚܣܡܐ ܐܫܠܡܘܗܝ
Mark	Sinaiticus	10:16	wqr) )nwn wsm )ydwhy (lyhwn wmbrk hw) lhwn%	
Mark	Sinaiticus	10:17	kd rd) b)wrx) rhT xd npl (l bwr:kwhy w)mr lh mlpn) Tb) mn) )(bd d)rt xy:) dl(lm,	
Mark	Sinaiticus	10:18	)mr lh y$w( mn) qr) )nt ly Tb) lyt Tb) )l) )n xd )lh)	
Mark	Sinaiticus	10:19	pwqdn) dyn yd(t, l) tqTwl l) tgwr l) tgnwb l) tshd shdwt) dglt) yqr l)bwk wl)mk	
Mark	Sinaiticus	10:20	(n) w)mr lh mlpn) hlyn (bdt )nyn h) mn dTl) )n)	
Mark	Sinaiticus	10:22	w(qt lh (l hd) mlt), w)zl kd kry) lh mTwl dnk:s) sgy)) )yt hww lh	
Mark	Sinaiticus	10:23	wxr y$w( btlmydwhy w)mr km) (Tl) l)ylyn dtkylyn (l nksyhwn dn(lwn lmlkwth d)lh),	
Mark	Sinaiticus	10:24	wtlmydwhy mtdmryn hww (l mlwhy twb (n) y$w( w)mr lhwn bny km) (Tl) l)ylyn dtkylyn (l nksyhwn dn(lwn lmlkwth d)lh),	
Mark	Sinaiticus	10:26	hnwn dyn ytyr)yt mtdmryn hww bnp$hwn mnw ky m$kx lmx),	
Mark	Sinaiticus	10:27	xr bhwn y$w( w)mr lhwn hd) lwt bn:y )n$) l) m$kx) )l) mn lwt )lh), lwt )lh) dyn kwl mdm m$kx,	
Mark	Sinaiticus	10:29	(n) y$w( w)mr )myn )mrn) lkwn dkl )n$ dn$bwq byt) )w )x:) )w )xwt) )w )m) )w )b) )w bn:y) )w qwr:y) mTwlty wmTl sbrty	
Mark	Sinaiticus	10:30	)l) nqbl xd bm)) bzbn) hn) bt) w)x:) w)xwt) w)m) wb:ny) wqwr:y) (m rdwpy) wb(lm) d)t) n)rt xy) dl(lm	
Mark	Sinaiticus	10:31	sgy)) gyr qdmy) dnhwwn )xr:y) w)xr:y) dnhwwn qdm:y)%	
Mark	Sinaiticus	10:32	wkd slqyn hww b)rx) l)wr$lm, whw y$w( )zl hw) qdmyhwn mtdmryn hww )ylyn d(mh hww kd dxylyn wdbr ltr(sr:th w$ry hw) dn)mr lhwn mdm d(tyd lh,	
Mark	Sinaiticus	10:33	dh) slqyn )nxnn l)wr$lm wbrh d)n$) m$tlm lr:by khn) wlspr:) wnxybwnyh lmwt) wn$lmwnh l(m)	
Mark	Sinaiticus	10:34	wn$t(wn bh wnngdwnh wnrqwn b)pwhy wnqTlwnyhy wbywm) dtlt) nqwm%	
Mark	Sinaiticus	10:35	wqrbw lwth y(qwb wywxnn bny zbdy w)mr:yn lh rby cbyn )nxnn dkl dn$)lk t(bd ln	
Mark	Sinaiticus	10:36	)mr lhwn mn) cbyn )ntwn d)(bd lkwn	
Mark	Sinaiticus	10:37	)mr:yn lh hb ln ntb mn ymynk wmn smlk b$wbxk,	
Mark	Sinaiticus	10:38	(n) y$w( w)mr lhwn l) yd(yn )ntwn mn) $)lyn )ntwn m$kxyn )ntwn t$twn ks) d)n) $tn), )w m(mwdyt) (mdyn )ntwn	
Mark	Sinaiticus	10:39	)mr:yn lh m$kxyn )nxnn )mr lhwn y$w( dt$twn ks) d$t) )n) m$kxyn )ntwn wdt(mdwn m(mwdyt) d(md )n) m$kxyn )ntwn,	
Mark	Sinaiticus	10:40	dttbwn dyn mn ymyny )w mn smly hd) l) hwt dyly lmtl l)xryn dyn mTyb)	
Mark	Sinaiticus	10:41	wkd $m(w (sr:) $ryw r:Tnyn (l y(qwb w(l ywxnn	
Mark	Sinaiticus	10:42	wqr) )nwn w)mr lhwn, yd(yn )ntwn dr:$yhwn d(m:m) mr:yhwn )nwn	
Mark	Sinaiticus	10:43	l) hkn) nhw) byn:tkwn )l) mn dcb) bkwn dnhw) rb) nhw) lkwn m$m$n)	
Mark	Sinaiticus	10:44	w)yn) mnkwn dcb) dnhw) qdmy) nhw) (bd) dkl )n$,	
Mark	Sinaiticus	10:45	)ykn) dbrh d)n$) l) )t) dn$tm$ )l) dn$m$ wdntl np$h pwrqn) xlp s:gy))%	
Mark	Sinaiticus	10:46	w)t) l)yryxw wkd npq mn )ryxw hw wtlm:ydwhy wkn$) sgy)), wTymy br Tymy smy) ytb hw) (l )wrx) wxdr	
Mark	Sinaiticus	10:47	wkd $m( dy$w( hw ncry), $ry lmq() wlm)mr brh ddwyd )trxm (ly	
Mark	Sinaiticus	10:48	wk)w bh sg:y)) dn$twq wtwb )wsp q() brh ddwyd )trxm (ly	
Mark	Sinaiticus	10:49	wqm y$w( w)mr dnqrbwnh wqryhy lsmy) w)mr:yn lh l) tdxl qwm qr) lk	
Mark	Sinaiticus	10:50	wqm $ql m)n:why w)t) lwt y$w(	
Mark	Sinaiticus	10:51	(n) y$w( w)mr lh mn) cb) )nt )(bd lk )mr lh smy) rbwly d)xz)	
Mark	Sinaiticus	10:52	)mr lh zl hymnwtk )xytk wbh b$(t) )tptx (yn:why, w)t) hw) btrh b)wrx)	
Mark	Sinaiticus	11:01	wkd qrbw l)wr$lm lbyt pg:) lbyt (ny) lwt Twr zy:t) $dr tryn mn tlmydwhy	
Mark	Sinaiticus	11:02	w)mr zlw lqryt) hy dlqblkwn, wbh b$(t) m) d(lyn )ntwn lh t$kxwn (yl) kd )syr d)n$ mn bny )n$) l) rkbh, $rw w)ytywhy	
Mark	Sinaiticus	11:03	w)n )n$ n)mr lkwn mdm )mrw lh dlmrh mtb() wmxd) m$dr lh lk),	ܘܐܝܠܝܢ ܕܐܝܬ ܗܘܘ ܥܠܝܗܘܢ ܡܚܐܘܬܐ ܕܪ̈ܘܚܐ ܛܢܦܬܐ ܢܦܠܝܢ ܗܘܘ ܩܕܡܘܗܝ ܘܩܥܝܢ ܗܘܘ ܘܐܡܪܝܢ ܐܢܬ ܗܘ ܒܪܗ ܕܐܠܗܐ
Mark	Sinaiticus	11:04	w)zlw w)$kxw (yl) kd )syr (l tr() ddrt) b$wq) wkd $ryn lh	ܘܐܡܪ ܗܘܐ ܠܗܘܢ ܕܠܟܘܢ ܗܘ ܝܗܒ ܐܪܙܐ ܕܡܠܟܘܬܗ ܕܐܠܗܐ ܠܗܢܘܢ ܕܝܢ ܒܪ̈ܝܐ ܟܘܠ ܡܕܡ ܒܡ̈ܬܠܐ ܗܘܐ
Mark	Sinaiticus	11:05	)mryn mn )n$) dqymyn tmn mn) (bdyn )ntwn w$r:yn )ntwn (yl)	ܘܐܝܬ ܗܘܬ ܕܝܢ ܬܡܢ ܠܘܬ ܛܘܪ̈ܐ ܒܩܪܐ ܪܒܬܐ ܕܚܙܝܪ̈ܐ ܕܪܥܝܐ ܗܘܬ
Mark	Sinaiticus	11:06	whnwn )mrw lhwn )ykn) d)mr lhwn y$w(	ܘܟܘܠ ܕܠܐ ܢܩܒܠܟܘܢ ܘܠܐ ܢܫܡܥܟܘܢ ܡܐ ܕܢܦܩܝܢ ܐܢܬܘܢ ܡܢ ܬܡܢ ܦܨܘ ܚܠܐ ܕܪܓܠܝܟܘܢ ܠܣܗܕܘܬܗܘܢ܂
Mark	Sinaiticus	11:07	w)ytywhy l(yl) lwt y$w( w)rmyw mr:TwTyhwn w)rkb (lwhy	ܐܢܬܘܢ ܕܝܢ ܐܡܪܝܢ ܐܢܬܘܢ ܕܐܢ ܢܐܡܪ ܠܐܒܘܗܝ ܘܠܐܡܗ ܩܘܪܒܢ ܕܬܬܗܢܐ ܡܢܝ܂
Mark	Sinaiticus	11:08	wsgy)) m$wyn hww mrTwTyhwn b)wrx)	ܘܢܦܩܘ ܦܪ̈ܝܫܐ ܘܫܪ̈ܝܘ ܒܥܝܢ ܡܢܗ ܘܫܐܠܝܢ ܠܗ ܐܬܐ ܡܢ ܫܡܝܐ ܟܕ ܡܢܣܝܢ ܠܗ
Mark	Sinaiticus	11:09	w)ylyn d)zlyn hww qdmwhy wd)tyn btrh q(yn hww w)mryn )w$(n) bryk hw d)t) b$mh dmry)	ܘܡܫܐܠܝܢ ܗܘܘ ܠܗ ܘܐܡܪ̈ܝܢ܂ ܕܐܡܪ̈ܝܢ ܣܦܪ̈ܐ ܕܐܠܝܐ ܗܘ ܐܬܐ ܠܘܩܕܡ
Mark	Sinaiticus	11:10	bryk) hy mlkwt) d)ty) d)bwn dwyd $lm) bmrwm)	
Mark	Sinaiticus	11:11	w(lw l)wr$lm w(l lhykl) wxz) kwl mdm, kd hw) dyn rm$) npq hw) lbyt (ny) (m tr(sr:%	ܘܥܠܘ ܠܐܘܪܫܠܡ ܘܥܠ ܠܗܝܟܠܐ ܘܚܙܐ ܟܘܠ ܡܕܡ܂ ܟܕ ܗܘܐ ܕܝܢ ܪܡܫܐ ܢܦܩ ܗܘܐ ܠܒܝܬ ܥܢܝܐ ܥܡ ܬܪܥܣܪ̈܀
Mark	Sinaiticus	11:12	wlywm) )xrn) kd npq mn byt (ny) kpn	ܡܢ ܠܘܬ ܡܪܝܐ ܗܘܬ ܗܕܐ ܘܬܕܡܪܬܐ ܐܝܬܝܗ ܒܥܝ̈ܢܝܢ܂
Mark	Sinaiticus	11:13	wxz) tt) mn rwxq) kd )yt bh Tr:p), w)t) lwth dTk n$kx bh mdm w)t) wl) )$kx )l) )n Tr:p) l) hw) hw) zbn) dtn)	ܡܐ ܕܡܩܪܒܝܢ ܕܝܢ ܠܟܘܢ ܕܢܫܠܡܘܢܟܘܢ ܠܐ ܬܪܢܘܢ ܡܢܐ ܬܐܡܪܘܢ ܐܠܐ ܡܕܡ ܕܡܬܝܗܒ ܠܟܘܢ ܒܗܝ ܫܥܬܐ ܗܘ ܡܠܠܘ܂ ܠܐ ܗܘܐ ܓܝܪ ܐܢܬܘܢ ܡܡܠܠܝܢ ܐܠܐ ܪܘܚܐ ܩܕܝܫܬܐ܂
Mark	Sinaiticus	11:14	(n) w)mr lh mkyl wl(lm )n$ mn p)r:yky l) n)kwl w$m(w hww tlmydwhy	ܘܗܢܘܢ ܟܕ ܫܡܥܘ ܚܕܝܘ ܘܐܫܬܘܕܝܘ ܕܢܬܠܘܢ ܠܗ ܟܣܦܐ ܘܒܥܐ ܗܘܐ ܦܥܠܐ ܐܝܟ ܕܢܫܠܡܝܗܝ܂
Mark	Sinaiticus	11:16	wl) $bq hw) l)n$ dn(br m)n) bgw hykl)	
Mark	Sinaiticus	11:18	w$m(w hww rby khn) wspr:) wb(yn hww d)ykn) nwbdwnh dxlyn hww gyr mnh klh (m) gyr tmhw bywlpnh	
Mark	Sinaiticus	11:19	wm) dhw) hw) rm$) npq hw) lh lbr mn mdynt)	
Mark	Sinaiticus	11:20	wkd (bryn hww bcpr) xzw ltt) hy kd yb$) mn (qrh	
Mark	Sinaiticus	11:22	(n) y$w( w)mr lhwn )n )yt bkwn hymnwt) d)lh)	
Mark	Sinaiticus	11:23	)myn )mrn) lkwn d)n t)mrwn lTwr) hn) d)$tql wpl bym) wl) ntplg br(ynh )l) nhymn dmdm d)mr dhw) nhw)	
Mark	Sinaiticus	11:24	mTl hn) )mr )n) lkwn dkwl mdm dmclyn )ntwn wmhymnyn )ntwn dnsbyn )ntwn nhw) lkwn	
Mark	Sinaiticus	11:25	wm) dqymyn )ntwn wmclyn, hwytwn $bqyn mdm d)yt lkwn (l )n$ d)p )bwkwn db$my) n$bwq lkwn xTh:ykwn%	
Mark	Sinaiticus	11:27	w)tw hww twb l)wr$lm wmhlk hw) bhykl) w)tw lwth r:by kh:n) wspr:) wq$y$:),	
Mark	Sinaiticus	11:28	w)mr:yn lh b)yn) $lTn) hlyn (bd )nt wmnw yhb lk $wlTn) hn),	
Mark	Sinaiticus	11:29	(n) y$w( w)mr lhwn )p )n) )$)lkwn mlt) xd) dt)mrwn ly, w)mrn) lkwn b)yn) $wlTn) (bdn) hlyn	
Mark	Sinaiticus	11:30	m(mwdyth dywxnn mn $my) hy )w mn b:ny )n$) )mrw ly,	
Mark	Sinaiticus	11:31	w)tr(yw w)mrw d)n n)mr dmn $my) n)mr ln )ykw l) hymntwn bh	
Mark	Sinaiticus	11:32	w)n n)mr dmn bn:y )n$) hy dxlyn hww mn (m) kwlhwn gyr )xydyn hww lh lywxnn mTl dnby) hw),	
Mark	Sinaiticus	11:33	)mryn lh l) yd(yn )nxnn (n) y$w( w)mr lhwn )pl) )n) )mrn) lkwn b)yn) $wlTn) (bd )n) hlyn	
Mark	Sinaiticus	12:01	w$ry hw) dnmll bm:tl) gbr) ncb krm) w)xdrh syg) wxpr bh m(crt) wbn) bh mgdl) w)wxdh lplx:) w(nd	ܐܦܩܬܗ ܪܘܚܐ ܠܡܕܒܪܐ܂
Mark	Sinaiticus	12:02	w$dr bzbn) dp)r) lwt plx:) l(bdh dn$drwn lh mn p)r) dkrmh	
Mark	Sinaiticus	12:05	wtwb $dr lwthwn l(bd) )xrn) w)p lh qTlwhy wsgy)) )xr:n) mnhwn mxw wmnhwn qTlw,	ܘܒܥܝܢ ܗܘܘ ܡܢܗ ܗܢܘܢ ܫܐ̈ܕܐ ܕܫܕܪܝܢ ܠܗܢܘܢ ܚܙܝܪ̈ܐ ܘܢܥܘܠ ܒܗܘܢ܂
Mark	Sinaiticus	12:06	xd br) xbyb) )yt hw) lh $dr lwthwn w)mr kbr nbhtwn mn bry	ܘܢܦܩܘ ܗܘܘ ܡܟܪ̈ܙܝܢ ܕܢܬܘܒܘܢ
Mark	Sinaiticus	12:07	hnwn dyn plx:) )mrw bnp$hwn dhnw brh yrth tw nqTlywhy wnhw) lh ywrtn) dyln,	ܘܠܐ ܫܒܩܝܢ ܐܢܬܘܢ ܠܗ ܕܢܝܩܪ ܠܐܒܘܗܝ ܐܘ ܠܐܡܗ܂
Mark	Sinaiticus	12:08	w)xdw qTlwhy w)pqwhy lbr mn krm),	ܐܬܥܙܙ ܒܪܘܚܗ ܘܐܡܪ ܡܢܐ ܒܥܝܐ ܐܬܐ ܫܪܒܬܐ ܗܕܐ܂ ܐܡܝܢ ܐܡܪܢܐ ܠܟܘܢ ܕܠܐ ܬܬܝܗܒ ܠܗ ܐܬܐ ܠܫܪܒܬܐ ܗܕܐ܂
Mark	Sinaiticus	12:09	m) d)t) mrh dkrm) mn) n(bd nwbd )nwn lplx:) wntlywhy lkrmh l)xr:n),	ܥܢܐ ܘܐܡܪ ܠܗܘܢ ܐܠܝܐ ܐܬܐ ܠܘܩܕܡ ܕܟܠ ܡܕܡ ܢܬܩܢ܂ ܘܐܝܟܢܐ ܟܬܝܒ ܥܠ ܒܪܗ ܕܐܢܫܐ ܠܐ ܕܣܓܝ ܢܚܫ ܘܢܨܛܠܒ
Mark	Sinaiticus	12:10	w)pl) hn) ktb) qrytwn dk)p) d)slyw bn:y) hy hwt lr$) dzwyt)	ܐܡܪ ܠܗܘܢ ܐܝܕܐ ܐܢܬܬܐ ܕܫܒܩܐ ܒܥܠܗ ܘܗܘܝܐ ܠܐܚܪܢܐ ܡܓܪ ܓܝܪܐ܂ ܘܐܝܢܐ ܓܒܪܐ ܕܫܒܩ ܐܢܬܬܗ ܘܢܣܒ ܐܚܪܬܐ ܡܓܪ ܓܐܪ܀
Mark	Sinaiticus	12:11	mn lwt mry) hwt hd) wtdmrt) )ytyh b(y:nyn,	ܘܠܝܘܡܐ ܐܚܪܢܐ ܟܕ ܢܦܩ ܡܢ ܒܝܬ ܥܢܝܐ ܟܦܢ
Mark	Sinaiticus	12:12	wb(yn hww lm)xdh, wdxlw mn (m), )stklw hww gyr d(lyhwn hw )mr mtl) hn) w$bqwhy w)zlw	ܘܒܥܝܢ ܗܘܘ ܠܡܐܚܕܗ܂ ܘܕܚܠܘ ܡܢ ܥܡܐ܂ ܐܣܬܟܠܘ ܗܘܘ ܓܝܪ ܕܥܠܝܗܘܢ ܗܘ ܐܡܪ ܡܬܠܐ ܗܢܐ ܘܫܒܩܘܗܝ ܘܐܙܠܘ
Mark	Sinaiticus	12:13	w$drw lwth )n$) mn pr:y$) wmn dbyt hrwds dn)xdwnh bmlt)	ܢܫܠܡ ܓܝܪ ܐܚܐ ܠܐܚܘܗܝ ܠܡܘܬܐ ܘܐܒܐ ܠܒܪܗ ܘܢܩܘܡܘܢ ܒܢ̈ܝܐ ܥܠ ܐܒܗܬܐ ܘܢܡܝܬܘܢ ܐܢܘܢ
Mark	Sinaiticus	12:14	w$ryw dn)mrwn lh bnkl), mlpn) yd(yn )nxnn d$ryr )nt wl) bTyl lk b)n$ l) gyr nsb )nt b)p:) d)n$ )l) )wrx) d)lh) b$rr) mlp )nt $lyT lmtl ksp) dr:$) lqsr )w l) ntl	ܒܝܘܡܐ ܩܕܡܝܐ ܕܦܛܝܪܐ ܟܕ ܡܬܢܟܣ ܗܘܐ ܦܨܚܐ ܐܡܪܘ ܠܗ ܬܠܡܝܕܘܗܝ ܐܝܟܐ ܨܒܐ ܐܢܬ ܕܢܐܙܠ ܢܛܝܒ ܕܬܐܟܠ ܦܨܚܐ
Mark	Sinaiticus	12:15	whw yd( hw) nklhwn )mr lhwn mn) mnsyn )ntwn ly )ytw ly dynr) )xzyhy	ܥܢܐ ܬܘܒ ܦܝܠܛܘܣ ܘܐܡܪ ܠܗܘܢ ܡܢܐ ܗܟܝܠ ܨܒܝܢ ܐܢܬܘܢ ܐܥܒܕ ܠܗ ܠܡܠܟܗܘܢ ܕܝܗܘܕܝܐ
Mark	Sinaiticus	12:16	w)ytyw lh, )mr lhwn dmn hw clm) hn), wktybt) )mr:yn lh dqsr	
Mark	Sinaiticus	12:17	(n) y$w( w)mr lhwn hbw dqsr lqsr wd)lh) l)lh) wtmhw hww bh,	
Mark	Sinaiticus	12:18	w)tw lwth zdwq:y) hnwn d)mr:yn hww dlyt qymt) wm:$)lyn hww lh w)mr:yn	
Mark	Sinaiticus	12:19	mlpn) mw$) ktb ln dm) dmyt )xwhy dgbr) w)yt hwt lh )ntt) wl) $bq zr() nsbh )xwhy dnqym zr() l)xwhy	
Mark	Sinaiticus	12:20	$b() )xyn )yt hww wqdmy) nsb )ntt) wmyt wl) $bq zr()	
Mark	Sinaiticus	12:21	wdtryn nsbh. wmyt w)pl) hw $bq zr() wdtlt) hkwt	
Mark	Sinaiticus	12:22	whwt l$wb(tyhwn wl) $bqw zr() )xryt klhwn mytt )p hy )ntt)	
Mark	Sinaiticus	12:23	bqymt) hkyl m) dqmw dmn mnhwn thw) )ntt) h) gyr $wb(tyhwn nsbwh	
Mark	Sinaiticus	12:24	(n) y$w( w)mr lhwn mTl hn) hw T(yn )ntwn l) yd(yn )ntwn ktb) wl) xylh d)lh)	
Mark	Sinaiticus	12:25	m) dqmw gyr mn byt m:yt) l) n$) nsbwn w)pl) n$) hwyn lgbr) )l) )yk ml)k) db$my) )ytyhwn	
Mark	Sinaiticus	12:26	(l myt) dyn dqymyn l) qrytwn bktb) dmw$) )ykn) )lh) )mr mn sny) d)n) )n) )lhh d)brhm w)lhh d)ysxq w)lhh dy(qwb	
Mark	Sinaiticus	12:27	wh) )lh) l) )lh) dmyt) )l) dxy) )ntwn dyn sgy T(yn )ntwn	
Mark	Sinaiticus	12:29	(n) y$w( w)mr qdmy mn kwlhwn $m( )ysryl mry) )lhn xd hw	
Mark	Sinaiticus	12:30	wdtrxm lmry) )lhk mn klh lbk wmn klh np$k wmn kwlh tr(ytk wmn kwlh xylk, hnw pwqdn) qdmy)	
Mark	Sinaiticus	12:31	wdtr:yn ddm) lh, dtxb lqrybk )yk np$k, pwqdn) )xrn) drb mn hlyn lyt,	
Mark	Sinaiticus	12:32	)mr lh hw spr) rby $pyr b$rr) )mrt dxd hw )lh), wlyt )xrn lbr mnh	
Mark	Sinaiticus	12:33	dnrxmywhy )n$ mn kwlh lbh, wmn kwlh np$h wmn klh xylh wdnrxm lqrybh )yk np$h mytr hw mn kwlhwn yqd:) wdbx)	
Mark	Sinaiticus	12:34	y$w( kd xz) d$pyr )tybh ptgm) (n) w)mr lh l) hwyt rxyq mn mlkwt) d)lh) w)n$ wtwb l) )mrx lm$)lwth%	
Mark	Sinaiticus	12:35	)mr y$w( kd mlp bhykl) )ykn) )mryn spr:) dm$yx) brh hw ddwyd	
Mark	Sinaiticus	12:36	whw dwyd )mr brwx) dqwd$) d)mr mry) lmry dtb mn ymyny (dm) d)sym b(ldbbyk txyt rglyk	
Mark	Sinaiticus	12:37	w)n dwyd mrn qr) lh )ykn) brh hw) wklh kn$) bsym)yt $m( hw) lh	
Mark	Sinaiticus	12:38	w)mr hw) kd mlp Trw np$kwn mn spr:) dcbyn dnhlkwn b)sTw) wrxmyn $lm) b$wq:)	
Mark	Sinaiticus	12:39	wr$ mwtb) bknw$:t) wr$ smk) b)x$myt)	
Mark	Sinaiticus	12:40	w)klyn b:t) d)rmlt) b(lt) dmwrkyn clwthwn whnwn nqblwn dyn) ytyr)%	
Mark	Sinaiticus	12:41	wkd q)m hw) y$w( lqbl byt gz) xz) hw) lsgy)) drmyn (wrpn) byt gz) ws:gy)) mn (tyr:) drmyn hww sgy	
Mark	Sinaiticus	12:43	qr) y$w( ltlmydwhy w)mr lhwn )yn )mrn) lkwn dhd) )rmlt) msknt) )rmyt ytyr mn kwl )n$ byt gz)	
Mark	Sinaiticus	12:44	kl )n$ gyr mn mdm dytyr hw) lh )rmy, hd) dyn kwl mdm dqny) hwt )rmyth,	
Mark	Sinaiticus	13:01	wkd npq hw) y$w( mn hykl) )mr lh xd mn tlmydwhy rby h) xzy k)p) wbnyn) rb)	ܘܗܘܐ ܬܡܢ ܝܘܡ̈ܬܐ ܐܪ̈ܒܥܝܢ ܟܕ ܡܬܢܣܐ ܡܢ ܣܛܢܐ ܘܗܘܐ ܥܡ ܚܝ̈ܘܬܐ ܘܡܠܐ̈ܟܐ ܡܫܡܫܝܢ ܗܘܘ ܠܗ܀
Mark	Sinaiticus	13:02	)mr lh y$w( xzy hn) bnyn) l) t$tbq hrk) kp) (l k)p) dl) t$td)%	
Mark	Sinaiticus	13:03	wkd ytb bTwr zyt) lqbl hykl) $)lwhy kp) wy(qwb wywxnn w)ndryws blxwdyhwn	ܘܣܠܩ ܠܛܘܪܐ܂ ܘܩܪܐ ܗܘܐ ܠܐܝܠܝܢ ܕܨܒܐ ܘܐܙܠܘ ܠܘܬܗ܂
Mark	Sinaiticus	13:04	)mr ln )mty hlyn nhwyn wmn) )t) dbh hlyn m$tlmyn	ܘܐܡܪ ܠܗܘܢ ܠܐ ܝܕܥܝܢ ܐܢܬܘܢ ܠܗ ܡܬܠܐ ܗܢܐ ܘܐܝܟܢܐ ܟܠܗܘܢ ܡܬܠܐ ܕܬܕܥܘܢ
Mark	Sinaiticus	13:05	)mr lhwn y$w( xzw lm) )n$ nT(kwn	ܘܐܦܣ ܠܗܘܢ ܘܟܕ ܢܦܩ ܪ̈ܘܚܐ ܗ̈ܢܝܢ ܛܢܦܬܐ ܥܠ ܒܚܙܝܪ̈ܐ ܘܪܗܛܬ ܗܝ ܒܩܪܐ ܘܢܦܠܬ ܒܓܘ ܝܡܐ ܐܝܟ ܬܪ̈ܝܢ ܐܠܦܝܢ ܘܐܬܚܢܩܘ ܒܝܡܐ
Mark	Sinaiticus	13:06	sgy)) gyr n)twn b$my wn)mrwn d)n) )n) wsgy)) nT(wn,	ܘܫܐ̈ܕܐ ܣ̈ܓܝܐܐ ܡܦܩܝܢ ܗܘܘ ܘܡܫܚܝܢ ܗܘܘ ܒܡܫܚܐ ܠܣ̈ܓܝܐܐ ܘܡܐܣܝܢ ܗܘܘ ܠܟܪ̈ܝܗܐ
Mark	Sinaiticus	13:07	m) d$m(twn dyn qrs) wTb) dqrs) l) tdxlwn (tyd hw gyr dnhw) )l) l) (dm) lh$) xrt)	ܘܡܣܠܝܢ ܐܢܬܘܢ ܡܠܬܐ ܕܐܠܗܐ ܡܛܠ ܦܘܩܕܢܝܟܘܢ܀ ܘܣܓܝܐܬܐ ܐܝܟ ܗܠܝܢ ܥܒܕܝܢ ܐܢܬܘܢ܂
Mark	Sinaiticus	13:09	wn$lmwnkwn l(m) wlbyt knw$t) wqdm mlk:) tqwmwn wttngdwn qdm hgm:wn) mTwlty lshdwt) lhwn	ܐܠܐ ܐܡܪ ܐܢܐ ܠܟܘܢ ܕܐܠܝܐ ܐܬܐ ܘܥܒܕܘ ܒܗ ܟܠ ܡܐ ܕܨܒܘ ܐܝܟܢܐ ܕܟܬܝܒ ܥܠܘܗܝ
Mark	Sinaiticus	13:10	wlklhwn (mm:) lwqdm gyr ttkrz sbrt) hd)	ܘܩܪܒܘ ܠܗ ܛܠܝܐ ܕܢܣܝܡ ܐܝܕܗ ܥܠܝܗܘܢ܂ ܘܟܐܘ ܒܗܘܢ ܬܠܡ̈ܝܕܘܗܝ ܒܗܢܘܢ ܕܡܩܪܒܝܢ ܗܘܘ ܠܗܘܢ܂
Mark	Sinaiticus	13:11	m) dmqrbyn dyn lkwn dn$lmwnkwn l) trnwn mn) t)mrwn )l) mdm dmtyhb lkwn bhy $(t) hw mllw, l) hw) gyr )ntwn mmllyn )l) rwx) qdy$t),	ܘܚܙܐ ܬܬܐ ܡܢ ܪܘܚܩܐ ܟܕ ܐܝܬ ܒܗ ܛܪ̈ܦܐ܂ ܘܐܬܐ ܠܘܬܗ ܕܛܟ ܢܫܟܚ ܒܗ ܡܕܡ ܘܐܬܐ ܘܠܐ ܐܫܟܚ ܐܠܐ ܐܢ ܛܪ̈ܦܐ ܠܐ ܗܘܐ ܗܘܐ ܙܒܢܐ ܕܬܢܐ
Mark	Sinaiticus	13:12	n$lm gyr )x) l)xwhy lmwt) w)b) lbrh wnqwmwn bn:y) (l )bht) wnmytwn )nwn	ܘܫܕܪܘ ܠܘܬܗ ܐܢܫܐ ܡܢ ܦܪ̈ܝܫܐ ܘܡܢ ܕܒܝܬ ܗܪܘܕܣ ܕܢܐܚܕܘܢܗ ܒܡܠܬܐ
Mark	Sinaiticus	13:13	wnhw) sn) lkwn kl )n$ mTl $my kwl dnsybr (dm) lxrt) hw nx)	ܘܢܗܘܐ ܣܢܐ ܠܟܘܢ ܟܠ ܐܢܫ ܡܛܠ ܫܡܝ ܟܘܠ ܕܢܣܝܒܪ ܥܕܡܐ ܠܚܪܬܐ ܗܘ ܢܚܐ
Mark	Sinaiticus	13:14	m) dxzytwn )t) dTnpwt) dxwrb) dq)m )tr dl) )nnqy hw dqr) nstkl hydyn hnwn dbyhwd n(rqwn lTwr)	ܘܫܕܪ ܬܪܝܢ ܡܢ ܬܠܡܝܕܘܗܝ ܘܐܡܪ ܠܗܘܢ ܙܠܘ ܠܟܪܟܐ ܗܐ ܦܓܥ ܒܟܘܢ ܓܒܪܐ ܚܕ ܕܫܩܝܠ ܡܐܢܐ ܕܡܝܐ܂ ܙܠܘ ܒܬܪܗ
Mark	Sinaiticus	13:15	wmn db)gr) hw l) nxwt lbyt) wl) n(wl dn$qwl mdm mn byth	ܗܢܘܢ ܕܝܢ ܩܥܘ ܙܩܘܦܝܗܝ ܙܩܘܦܝܗܝ
Mark	Sinaiticus	13:16	wmn dbqryt) hw l) nthpk lbstrh dn$qwl lbw$h%	
Mark	Sinaiticus	13:17	wy dyn lbTnt) wl)ylyn dmynqn bhnwn ywm:t)	
Mark	Sinaiticus	13:18	clw dyn dl) nhw) bstw)	
Mark	Sinaiticus	13:20	w)lw l) kryn hww ywmt) hnwn l) xy) hw) kl bsr, )l) mTl gb:y) dgb) kr:yn ywmt),	
Mark	Sinaiticus	13:21	whydyn )n )n$ n)mr lkwn dh) hrk) hw m$yx) h) hrtmn l) thymnwnh	
Mark	Sinaiticus	13:22	mTl dnqwmwn gyr m$yx) dgl) wnby) dkdbwt) wntlwn )twt) wtdmr:t) hkn) d)n m$kx nT(wn )p lgby),	
Mark	Sinaiticus	13:23	)ntwn dyn xzw h) qdmt )mrt lkwn klmdm	
Mark	Sinaiticus	13:24	)l) bhwn bhnwn ywmt) btr )wlcn) hw nx$k $m$) wshr) nwhrh l) nxw)	
Mark	Sinaiticus	13:25	wnplwn kwkb) mn $my) wnzw(wn x:ylwt) d$my)	
Mark	Sinaiticus	13:26	whydyn nxzwnh lbrh d)n$) kd )t) (l (nn) (m xyl) rb) w(m $wbx)	
Mark	Sinaiticus	13:29	hkn) )p )ntwn m) dxzytwn hlyn dhwyn d(w dqrbt ltr()	
Mark	Sinaiticus	13:30	)myn )mrn) lkwn dl) t(br $rbt) hd) (dm) dhlyn klhyn nhwyn	
Mark	Sinaiticus	13:32	(l ywm) hw dyn w(l $(t) hy )n$ l) yd( w)pl) ml):k) db$my) w)p l) br) )l) )n )b)	
Mark	Sinaiticus	13:33	hwytwn dyn (yr:yn wmclyn l) gyr yd(yn )ntwn lh lzbn)	
Mark	Sinaiticus	13:34	)kzn) gyr dgbr) d(nd w$bq byth wyhb l(bdwhy qnynh l)n$ )n$ (bdh wpqd ltr() dnhw) (yr	
Mark	Sinaiticus	13:37	wmdm dlkwn hw )mrn) lklkwn hw )mrn) hwytwn (yr:yn%	
Mark	Sinaiticus	14:01	mn qdm tryn ywm:yn dhw) hw) pTyr) dpsk b(yn hww rby kh:n) wspr:) )ykn) bnkl) n)xdwnh wnqTlwnh,	ܘܒܬܪ ܕܐܫܬܠܡ ܝܘܚܢܢ ܐܬܐ ܝܫܘܥ ܠܓܠܝܠܐ܂ ܘܡܟܪܙ ܗܘܐ ܣܒܪܬܐ ܕܐܠܗܐ
Mark	Sinaiticus	14:02	)mr:yn hww gyr dl) b(d(yd) dl) nhw) rwb) d(m)	
Mark	Sinaiticus	14:04	w)yt hww )n$) d)tb)$ lhwn bnp$hwn w)mryn dlm) ,,, sr hn)	ܙܪܘܥܐ ܡܠܬܐ ܙܪܥ
Mark	Sinaiticus	14:06	y$w( dyn )mr lhwn $bwqw lh mn) mhryn )ntwn lh, (bd) gyr $pyr) (bdt lwty	ܘܫܡܥ ܗܪܘܕܣ ܡܠܟܐ ܐܬܝܕܥ ܗܘܐ ܠܗ ܓܝܪ ܡܕܥܗ ܛܒ ܘܐܡܪ ܝܘܚܢܢ ܗܘ ܡܥܡܕܢܐ ܩܡ ܡܢ ܒܝܬ ܡܝܬܐ ܡܛܘܠ ܗܢܐ ܣܓܝ ܚܝܠܗ
Mark	Sinaiticus	14:07	bkwl zbn gyr mskn) lwtkwn )nwn, w)mty dcbyn )ntwn m$kxyn )ntwn dt(bdwn lhwn )n) dyn bklzbn l) hwyt lwtkwn	ܘܩܪܐ ܠܟܘܠܗ ܟܢܫܐ ܘܐܡܪ ܠܗܘܢ ܫܡܥܘ ܟܘܠܟܘܢ ܘܐܬܛܦܝܣܘ܂
Mark	Sinaiticus	14:09	)myn )mrn) lkwn dkd dtstbr sbrty bkwlh (lm) nhw) lh dwkrn) dhn) mdm d(bdt%	ܟܕ ܐܬܐ ܠܘܬ ܬܠܡܝܕܘܗܝ ܚܙܘ ܠܘܬܗܘܢ ܟܢܫܐ ܣܓܝܐܐ ܘܣܦܪ̈ܐ ܟܕ ܒܥܝܢ ܥܡܗܘܢ
Mark	Sinaiticus	14:10	wyhwd) skrywT) xd mn tr(sr )zl lwt r:by khn) )yk dn$lmyhy	ܟܕ ܚܙܐ ܝܫܘܥ ܐܬܒܐܫ ܠܗ ܘܟܐܐ ܒܗܘܢ ܘܐܡܪ ܠܗܘܢ ܫܒܘܩܘ ܛܠܝܐ ܐܬܝܢ ܠܘܬܝ ܘܠܐ ܬܟܠܘܢ ܐܢܘܢ ܕܐܝܠܝܢ ܓܝܪ ܕܐܝܟ ܗܠܝܢ ܐܢܘܢ ܕܝܠܗܘܢ ܗܝ ܡܠܟܘܬܐ ܕܐܠܗܐ܂
Mark	Sinaiticus	14:11	whnwn kd $m(w xdyw w)$twdyw dntlwn lh ksp) wb() hw) p(l) )yk dn$lmyhy,	ܥܢܐ ܘܐܡܪ ܠܗ ܡܟܝܠ ܘܠܥܠܡ ܐܢܫ ܡܢ ܦܐܪ̈ܝܟܝ ܠܐ ܢܐܟܘܠ ܘܫܡܥܘ ܗܘܘ ܬܠܡܝܕܘܗܝ
Mark	Sinaiticus	14:12	bywm) qdmy) dpTyr) kd mtnks hw) pcx) )mrw lh tlmydwhy )yk) cb) )nt dn)zl nTyb dt)kl pcx)	ܘܫܪܝܘ ܕܢܐܡܪܘܢ ܠܗ ܒܢܟܠܐ܂ ܡܠܦܢܐ ܝܕܥܝܢ ܐܢܚܢܢ ܕܫܪܝܪ ܐܢܬ ܘܠܐ ܒܛܝܠ ܠܟ ܒܐܢܫ ܠܐ ܓܝܪ ܢܣܒ ܐܢܬ ܒܐܦ̈ܐ ܕܐܢܫ ܐܠܐ ܐܘܪܚܐ ܕܐܠܗܐ ܒܫܪܪܐ ܡܠܦ ܐܢܬ ܫܠܝܛ ܠܡܬܠ ܟܣܦܐ ܕܪ̈ܫܐ ܠܩܣܪ ܐܘ ܠܐ ܢܬܠ
Mark	Sinaiticus	14:13	w$dr tryn mn tlmydwhy w)mr lhwn zlw lkrk) h) pg( bkwn gbr) xd d$qyl m)n) dmy), zlw btrh	ܡܐ ܕܚܙܝܬܘܢ ܐܬܐ ܕܛܢܦܘܬܐ ܕܚܘܪܒܐ ܕܩܐܡ ܐܬܪ ܕܠܐ ܐܢܢܩܝ ܗܘ ܕܩܪܐ ܢܣܬܟܠ ܗܝܕܝܢ ܗܢܘܢ ܕܒܝܗܘܕ ܢܥܪܩܘܢ ܠܛܘܪܐ
Mark	Sinaiticus	14:15	wh) mxw) lkwn (lyt) xd) rbt) kd m$wy) wmTyb) tmn tqnw ln	ܗܘ ܕܝܢ ܦܝܠܛܘܣ ܐܡܪ ܠܗܘܢ ܡܢܐ ܓܝܪ ܕܒܝܫ ܥܒܕ ܘܗܢܘܢ ܝܬܝܪܐܝܬ ܩܥܝܢ ܗܘܘ ܙܩܘܦܝܗܝ
Mark	Sinaiticus	14:16	)zlw tlmydwhy )ykn) d)mr lhwn w)tw lkrk) w)$kxw )ykn) d)mr lhwn, wTybw lpcx)	
Mark	Sinaiticus	14:17	wkd hw) rm$) )t) (m tr:(srth,	
Mark	Sinaiticus	14:18	wkd smykyn w)klyn )mr lhwn y$w(, )myn )myn )mrn) lkwn, dxd mnkwn d)kl (my hw n$lmny	
Mark	Sinaiticus	14:19	hnwn dyn $ryw dtkr) lhwn w)mryn hww lh xd xd mnhwn dlm) )n)	
Mark	Sinaiticus	14:20	hw dyn )mr lhwn xd mn tr(sr d)w$T )ydh (my blgt)	
Mark	Sinaiticus	14:21	wbrh d)n$) )zl )ykn) dktyb (lwhy wy dyn lgbr) hw db)ydh m$tlm brh d)n$) pqx hw) lh )lw l) )tyld%	
Mark	Sinaiticus	14:22	wkd )klyn lxm) brk wqc) wyhb ltlmydwhy w)mr lhwn sbw hnw pgry	
Mark	Sinaiticus	14:24	w)mr lhwn hnw dmy ddytq) xdt) dxlp sgy)) mt)$d	
Mark	Sinaiticus	14:25	)myn )mr )n) lkwn dtwb l) )$t) mn yld) dgpt) (dm) lhw ywm) dbh )$tywhy (mkwn xdt)yt bmlkwth d)lh)	
Mark	Sinaiticus	14:26	w$bxw hww wnpqw lTwr zyt:)	
Mark	Sinaiticus	14:27	)mr lhwn y$w( dklkwn ttk$lwn by ktyb hw gyr d)mx) lr(y) wntbdrwn )mr),	
Mark	Sinaiticus	14:28	wm) dqmt mqdmn) lkwn lglyl)	
Mark	Sinaiticus	14:29	(n) k)p) w)mr lh, )n klhwn ntk$lwn )n) l)	
Mark	Sinaiticus	14:30	)mr lh y$w( )myn )myn )mrn) lk d)nt ywmn) blly) hn) (dl) nqr) trngl) trtyn zb:nyn tlt zb:nyn tkpwr by,	
Mark	Sinaiticus	14:31	w$m(wn mn ytyr )mr d)n nhw) ly d)mwt (mk l) )kpwr bk whkn) )p kwlhwn )mrw	
Mark	Sinaiticus	14:32	w)tw ldwkt) )yd) dmtqry) gdsmn) w)mr ltlmydwhy tbw hrk) (d mcln)	
Mark	Sinaiticus	14:33	wdbr lk)p) wly(qwb wlywxnn w$ry lmtkmrw wlmtt(qw,	
Mark	Sinaiticus	14:34	w)mr lhwn kry) hy lh lnp$y (dm) lmwt)	
Mark	Sinaiticus	14:35	wprq qlyl wnpl (l )pwhy, (l )r() wmcl) hw) d)n m$kx) dt(br mnh $(t),	
Mark	Sinaiticus	14:37	w)t) w)$kx )nwn dmkyn w)mr lk)p) $m(wn dmkt l) )$kxt xd) $() dtt(yr,	
Mark	Sinaiticus	14:38	)t(yrw wclw dl) t(lwn lnsywn) rwx) cby) )l) pgr) kryh,	
Mark	Sinaiticus	14:39	w)zl twb cly why hy mlt) )mr	
Mark	Sinaiticus	14:40	w)t) w)$kx )nwn twb kd dmkyn T(ynn hwy gyr (yn:yhwn $nt) wl) yd(yn hww mn) n)mrwn lh,	
Mark	Sinaiticus	14:42	qwmw n)zl h) qrb hw dm$lm ly	
Mark	Sinaiticus	14:43	w(d hw mmll )t) yhwd) xd mn tr(sr: w(mh kn$) sgy)), kd $qylyn spsr:) wxwTr:) mn lwt rby khn) wspr:) wq$:y$)	
Mark	Sinaiticus	14:45	wmxd) )t) lwth w)mr lh rby wn$qh	
Mark	Sinaiticus	14:46	whnwn )r:myw (lwhy )ydy) w)xdwhy	
Mark	Sinaiticus	14:47	wxd mn )ylyn dqymyn $mT syp) wmx) l(bd) drb khn) wnsbh )dnh	
Mark	Sinaiticus	14:48	(n) y$w( w)mr lhwn )yk d(l gys) npqtwn bsyp) wbxwTr:) dt)xdwnny	
Mark	Sinaiticus	14:49	klywm lwtkwn )n) bhykl), kd mlp )n) l) )xdyn hwytwn ly, )l) mTl dn$lmwn ktb)	
Mark	Sinaiticus	14:50	w$bqwhy hww kwlhwn tlmydwhy w(rqw	
Mark	Sinaiticus	14:51	w(lym) xd )t) hw) btrh w(Typ hw) sdwn) w)zlw )n$) sgy)) w)xdwhy	
Mark	Sinaiticus	14:52	whw $bq nxt) b)ydyhwn w(rq mnhwn (rTl	
Mark	Sinaiticus	14:53	w)wblwhy ly$w( lwt r:by khn) w)tyn hww (mh kwlhwn rby khn) wq$y$) wspr)	
Mark	Sinaiticus	14:54	wk)p) )t) hw) mn rwxq) btrh (dm) lbyth drb khn) wytb hw) lwt dx$:) w$xn hw)	
Mark	Sinaiticus	14:55	r:by khn) dyn wkwlh kn$) b(yn hww (l y$w( shdwt) dnqTlwnyhy wl) m$kxyn hww	
Mark	Sinaiticus	14:56	wsgy)) mshdyn hww (lwhy sh:dwt) dglt) wl) $wyn hwy shdwthwn	
Mark	Sinaiticus	14:57	)n$yn dyn qmw (lwhy w)mr:yn	
Mark	Sinaiticus	14:58	d)nxnn $m(nyhy, d)mr d)n) )stryhy lhykl) d(byd )ydy) wltlt) ywmyn (bdn) )xrn) dl) (byd )ydy)	
Mark	Sinaiticus	14:59	w)pl) hkn) $wyn hwy shdwthwn	
Mark	Sinaiticus	14:60	wqm rb khn) bmc(t) w$)lh ly$w( w)mr lh l) mpn) )nt ptgm) mn) mshdyn (lyk hlyn	
Mark	Sinaiticus	14:61	whw dyn $tq hw) wmdm l) )tyb, wtwb $)lh rb kh:n) dtrtyn zbn:yn w)mr lh )nt hw m$yx) brh dmbrk)	
Mark	Sinaiticus	14:62	(n) y$w( w)mr lh )n) )n) wmkyl txzwnh lbrh d)n$) dytb mn ymyn) dxyl) wkd )t) (l (nn) d$my),	
Mark	Sinaiticus	14:64	h) gyr kwlkwn $m(twn gwdph mn) mtxz) lkwn wklhwn dynyn hww lh dxyb hw lmwt)	
Mark	Sinaiticus	14:65	w$ryw mnhwn lmrq bh wlmqpxw w)mryn )tnb) ln h$) wdx$) mxyn hww lh (l pkwhy	
Mark	Sinaiticus	14:66	wkd hw) k)p) bdrt) drb kh:n)	
Mark	Sinaiticus	14:67	xzth kd $xn (lymt) xd) drb khn) w)mr) lh w)p )nt (m y$w( hwyt ncry),	
Mark	Sinaiticus	14:69	wtwb xzth (lymt) w$ryt lm)mr lhnwn dqymyn w)p hn) mnhwn hw,	
Mark	Sinaiticus	14:70	hw dyn twb kpr, wtwb btr qlyl hnwn dqymyn )mrw lk)p), $ryr)yt mnhwn )nt, mTl dglyl) )nt	
Mark	Sinaiticus	14:71	wmxrm hw) wym) dl) yd(n) lh lgbr) hn) d)mryn )ntwn	
Mark	Sinaiticus	14:72	wqr) trngl) dtr:tyn zbnyn w(hd k)p) mlt) d)mr hw) lh y$w( d(d l) nqr) trngl) tr:tyn zb:nyn tlt zb:nyn tkpwr by w$ry hw) dnbk)%	
Mark	Sinaiticus	15:01	wbcpr) nsbw mlk) r:by kh:n) wq$:y$) wspr:) wkwlh (m) w)srwhy ly$w( w)wblwhy w)$lmwhy lpylTws	ܕܫܠܡ ܙܒܢܐ ܘܡܛܝܬ ܡܠܟܘܬܐ ܕܐܠܗܐ ܬܘܒܘ ܘܗܝܡܢܘ ܒܣܒܪܬܗ܂
Mark	Sinaiticus	15:02	w$)lh pylTws )nt hw mlkhwn dyhwdy) (n) w)mr lh )nt )mrt	
Mark	Sinaiticus	15:03	w)klyn hww r:by kh:n) qr:cwhy sgy) whw ptgm) l) yhb hw) lhwn	ܘܕܢܗܘܘܢ ܡܫܠܛܝܢ ܕܢܐܣܘܢ ܟܪܝܗܐ ܘܢܦܩܘܢ ܫܐܕ̈ܐ
Mark	Sinaiticus	15:04	wtwb )mr lh pylTws l) mtyb )nt lhwn ptgm) l) xzyt km) mshdyn (lyk	ܗܢܘܢ ܕܝܢ ܕܥܠ ܝܕ ܐܘܪܚܐ ܗܢܘܢ ܐܢܘܢ ܕܫܡܥܝܢ ܡܠܬܐ ܘܡܐ ܕܫܡܥܘ ܐܬܐ ܣܛܢܐ ܘܫܩܠ ܠܗ ܠܡܠܬܐ ܕܙܪܝܥܐ ܒܠܒܗܘܢ
Mark	Sinaiticus	15:05	hw dyn y$w( mdm ptgm) l) yhb hw) dmtdmr hw) pylTws	ܘܐܬܘ ܠܘܬ ܝܫܘܥ ܘܚܙܘܘܗܝ ܠܗܘ ܕܐܦܩ ܗܘܐ ܡܢܗ ܫܐܕܐ ܟܕ ܝܬܒ ܘܠܒܝܫ ܘܡܢܟܦ ܘܕܚܠܘ
Mark	Sinaiticus	15:06	wb(yd) $r) hw) lhwn )syr) xd )yn) d$:)lyn hww b(d(yd)	ܐܚܪܢܐ ܕܝܢ ܐܡܪܘ ܕܐܠܝܐ ܗܘ ܐܚܪܢܐ ܕܝܢ ܐܡܪܝܢ ܕܢܒܝܐ ܗܘ ܐܝܟ ܚܕ ܡܢ ܢܒܝܐ
Mark	Sinaiticus	15:07	w)syr hw) gbr) (bd by$) dmtqr) br )b) w)yt hw) gbr) d(bd by$t) wqTl qTl)	ܠܝܬ ܡܕܡ ܕܠܒܪ ܡܢ ܒܪ ܐܢܫܐ ܘܥܐܠ ܠܗ ܘܡܫܟܚ ܠܡܣܝܒܘܬܗ ܐܠܐ ܡܕܡ ܕܢܦܩ ܡܢ ܒܪ ܐܢܫܐ ܗܘ ܗܘ ܡܣܝܒ ܠܗ ܠܒܪ ܐܢܫܐ܂
Mark	Sinaiticus	15:08	wg() (m) w$ry lm$)l dn(bd lhwn	ܘܦܩܕ ܐܢܘܢ ܘܐܡܪ ܠܗܘܢ ܐܙܕܗܪܘ ܡܢ ܚܡܝܪܐ ܕܦܪܝܫܐ ܘܡܢ ܚܡܝܪܗ ܕܗܪܘܕܣ
Mark	Sinaiticus	15:09	(n) pylTws w)mr lhwn, cbyn )ntwn d)$r) lkwn lmlkhwn dyhwd:y)	ܘܒܗ ܒܫܥܬܐ ܟܕ ܚܙܘܘܗܝ ܬܘܗܘ ܘܪܗܛܘ ܫܐܠܘ ܒܫܠܡܗ
Mark	Sinaiticus	15:10	yd( hw) gyr pylTws dmn xsm) )$lmwhy	ܐܡܝܢ ܐܡܪܢܐ ܠܟܘܢ ܕܟܘܠ ܕܠܐ ܢܩܒܠ ܡܠܟܘܬܐ ܕܐܠܗܐ ܐܝܟ ܛܠܝܐ ܠܐ ܢܥܘܠ ܠܗ
Mark	Sinaiticus	15:11	wr:by khn) )pysw l(m) dlbr )b) n$)l dn$r) lhwn	ܘܟܕ ܐܬܐ ܠܐܘܪܫܠܡ ܘܥܠ ܗܘܐ ܠܗܝܟܠܐ ܕܐܠܗܐ ܘܫܪܝ ܕܢܦܩ ܠܐܝܠܝܢ ܕܙܒܢܝܢ ܘܡܙܒܢܝܢ ܒܗܝܟܠܐ ܘܦܬܘܪ̈ܐ ܕܡܥܪ̈ܦܢܐ ܘܦܬܘܪ̈ܐ ܕܐܝܠܝܢ ܕܡܙܒܢܝܢ ܝܘܢ̈ܐ
Mark	Sinaiticus	15:12	(n) twb pylTws w)mr lhwn mn) hkyl cbyn )ntwn )(bd lh lmlkhwn dyhwdy)	ܘܗܘ ܝܕܥ ܗܘܐ ܢܟܠܗܘܢ ܐܡܪ ܠܗܘܢ ܡܢܐ ܡܢܣܝܢ ܐܢܬܘܢ ܠܝ ܐܝܬܘ ܠܝ ܕܝܢܪܐ ܐܚܙܝܗܝ
Mark	Sinaiticus	15:13	hnwn dyn q(w zqwpyhy zqwpyhy	ܘܡܢ ܕܒܐܓܪܐ ܗܘ ܠܐ ܢܚܘܬ ܠܒܝܬܐ ܘܠܐ ܢܥܘܠ ܕܢܫܩܘܠ ܡܕܡ ܡܢ ܒܝܬܗ
Mark	Sinaiticus	15:14	hw dyn pylTws )mr lhwn mn) gyr dby$ (bd whnwn ytyr)yt q(yn hww zqwpyhy	ܘܗܐ ܡܚܘܐ ܠܟܘܢ ܥܠܝܬܐ ܚܕܐ ܪܒܬܐ ܟܕ ܡܫܘܝܐ ܘܡܛܝܒܐ ܬܡܢ ܬܩܢܘ ܠܢ
Mark	Sinaiticus	15:15	pylTws dyn cb) hw) dn(bd cbyn) dkn$) w$r) lhwn lbr )b) w)$lm lhwn ly$w( kd mtngd dnzdqp	ܦܝܠܛܘܣ ܕܝܢ ܨܒܐ ܗܘܐ ܕܢܥܒܕ ܨܒܝܢܐ ܕܟܢܫܐ ܘܫܪܐ ܠܗܘܢ ܠܒܪ ܐܒܐ ܘܐܫܠܡ ܠܗܘܢ ܠܝܫܘܥ ܟܕ ܡܬܢܓܕ ܕܢܙܕܩܦ
Mark	Sinaiticus	15:16	w)sTr:TywT) )wblwhy lgw drt) d)ytyh prTwryn wqrw lklh )spyr	
Mark	Sinaiticus	15:17	w)lb$why )rgwn) wgdlw klyl) dkwb:) wsmw lh	
Mark	Sinaiticus	15:18	w$ryw lm$)l b$lmh $lm mlkhwn dyhwdy)	
Mark	Sinaiticus	15:19	wmxyn hww lh (l r$h bqny) wrqyn hww b)p:why, wnplw (l bwr:kyhwn wsgdyn hww lh,	
Mark	Sinaiticus	15:20	wkd bzxw, )$lxwhy )r:gwnwhy w)lb$why nx:twhy dnp$h w)pqwhy dnzqpwnh,	
Mark	Sinaiticus	15:22	w)ytywhy ldwkt) dmtqry) gwglt) dmttrgm) qrqpt)	
Mark	Sinaiticus	15:24	wzqpwhy wplgw nxtwhy byn:thwn w)rmyw (lyhwn p:s),	
Mark	Sinaiticus	15:25	w)yt:yhyn hwy dyn $(:) t:lt wzqpwhy	
Mark	Sinaiticus	15:26	wktyb) hwt sklwth hn) mlkhwn dyhwdy),	
Mark	Sinaiticus	15:27	wzq:ypyn hww (mh tr:yn gys:) xd mn ymynh wxd mn smlh,	
Mark	Sinaiticus	15:30	)x) np$k wxwt mn zqyp)	
Mark	Sinaiticus	15:31	wtwb )p r:by khn) kd gx:kyn xd (m xd (m spr:) )mr:yn l)xrn) )xy np$h l) )$kx lmxyw	
Mark	Sinaiticus	15:32	m$yx) mlkh d)ysr:)yl, nxwt mn zqyp) dnxz) wnhymn w)p hnwn dzqypyn hww (mh mxsdyn hww lh,	
Mark	Sinaiticus	15:33	wkd hwy $t $:(yn hw) x$wk) (dm) lt$:( $:(yn	
Mark	Sinaiticus	15:34	wbt$:( $:(yn qr) bql) rb) )lhy )lhy lmn) $bqtny,	
Mark	Sinaiticus	15:35	w)n$) mn hnwn dqymyn $m(w, w)mr:yn dl)ly) qr),	
Mark	Sinaiticus	15:36	wrhT xd ml) )spwg) xl) wsm bqny) w)$qyh, w)mr:yn $bwqw nxz) )n )t) )ly) mxt lh,	
Mark	Sinaiticus	15:37	whw y$w( kd q() bql) rb) $lm%	
Mark	Sinaiticus	15:39	kd xz) dyn qnTrwn) hw dq)m hw) lwth, wkd q() $lm, )mr hn) $ryr)yt brh hw d)lh),	
Mark	Sinaiticus	15:40	w)yt h:wy n$:) dqymn mn rwxq) dxzyn mrym mgdlyt) wmrym brt y(qwb z(wr) )mh dywsp w$lwm	
Mark	Sinaiticus	15:41	hnyn d)ty (mh mn glyl) w)xr:nyt) sgy)t) dm$m:$n hwy lh dslq hwy (mh l)wr$lm	
Mark	Sinaiticus	15:42	whw) b$bt)	
Mark	Sinaiticus	15:43	w)t) hw) ywsp mn rmt) gbr) myqr) bwlwT) w)p hw x)r hw) lmlkwt) d$my), w)mrx w(l lwt pylTws w$)l $ldh dy$w(,	
Mark	Sinaiticus	15:44	wtmyh hw) pylTws dmyt mn kdw w$dr qr) lqnTrwn) w$)lh d)n myt	
Mark	Sinaiticus	15:45	wkd ylp mn qnTrwn) yhb $ldh lywsp	
Mark	Sinaiticus	15:46	wzbn sdwn) w)yty krkh bsdwn) wsmh byt qbwr) dnqyr hw) lh b$w() w(gl k)p) )rmy (l tr(h dbyt qbwr)	
Mark	Sinaiticus	16:01	wkd (brt $bt) zbn m$x) whr:wm), mrym mgdlyt), wmrym brt y(qwb w$lwm, dn)tyn nm$xnyhy	ܘܟܕ ܡܗܠܟ ܗܘܐ ܥܠ ܓܢܒ ܝܡܬܐ ܕܓܠܝܠܐ܂ ܚܙܐ ܠܫܡܥܘܢ ܘܠܐܢܕܪܣ ܐܚܘܗܝ ܟܕ ܪ̈ܡܝܢ ܡܨܝܕܬܗܘܢ ܒܝܡܐ܂ ܡܛܠ ܕܨܝ̈ܕܐ ܗܘܘ܂
Mark	Sinaiticus	16:02	wb$pr) bxd b$b) )tyn lbyt qbwr) kd slq $m$),	
Mark	Sinaiticus	16:03	w)mrn hwy bnp$hyn mn dyn (gl ln kp) dbyt qbwr),	ܘܩܪܐ ܠܫܡܥܘܢ ܟܐܦܐ
Mark	Sinaiticus	16:04	mTl drb) hwt Tb, w)zly wxzy dm(gl) hwt hy k)p)	ܘܗܢܘܢ ܕܥܠ ܫܘܥܐ ܗܢܘܢ ܐܢܘܢ ܕܡܐ ܕܢܫܡܥܘܢ ܡܠܬܐ ܒܚܕܘܬܐ ܡܩܒܠܝܢ ܠܗ
Mark	Sinaiticus	16:05	w(ly lbyt qbwr) wxzy (lym) dytb mn ymynhyn w(Typ )sTl) xwrt) wdxly	ܘܐܫܬܥܝܘ ܠܗܘܢ ܗܢܘܢ ܕܚܙܘ ܕܐܝܟܢܐ ܗܘܐ ܠܗܘ ܕܗܘܐ ܒܗ ܫܐܕܐ ܘܐܦ ܥܠ ܚܙܝܪܐ
Mark	Sinaiticus	16:06	w)mr lhyn l) dtxln ly$w( hw ncry) b(yn )ntyn hw dzqyp hw), qm lh wl) hw) tnn h) dwkth )tr dsym hw)	ܟܕ ܫܡܥ ܕܝܢ ܗܪܘܕܣ ܐܡܪ ܗܢܐ ܝܘܚܢܢ ܗܘ ܕܦܣܩܬ ܪܫܗ ܩܡ
Mark	Sinaiticus	16:07	)l) )z:ly )mr:y ltlm:ydwhy wlk)p) dh) mqdm lkwn lglyl) tmn txzwnh )ykn) d)mr lkwn	ܡܢ ܕܐܝܬ ܠܗ ܐܕܢܐ ܕܢܫܡܥ ܢܫܡܥ܀
Mark	Sinaiticus	16:08	wkd $m(y npqy w)zl wl)n$ mdm l) )mr mTl ddxln hwy%	ܘܡܬܚܫܒܝܢ ܗܘܘ ܚܕ ܥܡ ܚܕ ܘܐܡܪܝܢ ܕܠܝܬ ܠܚܡܐ
Mark	Sinaiticus	99:98	$lm )wnglywn dmrqws%	
