chapter	gospel	reference
1	John	1, 1-11
1	?Mare	u, 12
1	John	1, 1-5
1	Luke	rw, 14-22"
1	?Lue	v, 27-36"
1	Luke	1, 5-80
1	Matt	ww, 17
1	?Mare	u, 21-22
1	?Mare	1,°15
1	Luke	v, 38>-39
2	Matt	1, 18-22
2	Matt	xu, as
2	Matt	1, 18-25"
2	Luke	v, 1-7
2	?Mare	u, 24°-27
2	Luke	u, 1-39
3	Luke	v, 8-11
3	Luke	vi, 6-9
3	Matt	u, 1°-23
3	John	wm, 22-1v, 1-3"
3	Mark	m1, 4-5
3	Luke	u, 40-m, 1-3
3	Luke	m1, 19-20
3	Matt	xu, 11-12
3	Matt	wm, 1°-3
3	Matt	ww, 12
3	Luke	mt, 4°-6
3	John	tv, 46-54
4	Luke	1, 31-384
4	Mark	m1, 7°-12
4	John	1, 18-28
4	Matt	1x, 9
4	Luke	vi, 18-19
4	Matt	1, 4-10
4	?Mare	1, 29
4	Matt	v, 1%
4	Luke	wm, 10-18
4	Luke	tv, 38°-39
4	Luke	vi, 13%17
4	Matt	m, 13
4	Matt	vin, 16
4	Mark	wm, 14-15
4	Luke	my, 23
4	Luke	1, 40
4	Luke	vi, 20
4	John	1, 29-31
4	Matt	vm, 17
4	Matt	v, 210
4	Matt	my, 14-15
4	?Mare	1, 33
4	Luke	vi, 22%
4	Luke	m, 21
4	Luke	wy, 41
4	Matt	v, 11-14
4	Matt	m, 16
4	Luke	vi, 24-27%
4	Luke	mt, 22
5	?Mare	nu, 8-123, _
5	Luke	vi, 32-36
5	Matt	1, 10
5	Luke	v, 25
5	Matt	v, 47-v1, 1*8
5	Luke	w, 13
5	Matt	1x, 8%
5	Luke	xt, 1-24
5	Matt	1, 11
5	?Lue	v, 26
5	Matt	vi, 9-18
5	John	1, 35-51
5	Matt	1x, 8
5	Luke	xu, 32-33', ‘ — 102 —
5	Matt	vi, 19-23
5	?Mare	v, 3t-4'
5	Luke	xn, 5
5	Luke	xt, 35-36
5	Luke	vm, 29
5	Matt	x, 29-33
5	?Mare	v, 4>-5
5	Luke	xu, 51-53
6	?Nath	xu, 5-8, arc, IW, 21
7	Matt	v, 13-16
7	Matt	m, 17
7	?Mare	1, 35-38
7	?Mare	1, 22-23
7	John	1, 32-34
7	Luke	1v, 42°-43
7	Matt	v, 17-254
7	?Lue	rw, 1
7	Matt	wx, 35
7	Luke	xu, 58%
7	?Mare	1, 12-13
7	Mark	1. 39
7	Matt	v, 25%=32
7	Matt	1, 2%
7	Luke	tv, 14°-15
7	Luke	1, 2
7	?Mare	uw, 14
8	John	1, 7-17
8	Luke	1, 44
8	Matt	xu, 14-21
8	Matt	1, 13-16
8	Luke	vi, 12-134
9	Matt	1, 2°-9
9	Matt	wy, 24
9	Matt	v, 33-42
9	Luke	rw, 5-9
9	Mark	un, 1-2
9	Luke	vi, 30-31
9	Luke	v, 17°-21
9	Matt	v, 43-46%
10	Matt	vm, 28
10	Matt	x, 36-42
10	Matt	vi, 24-27
10	?Mare	v, 5%=7
10	Mark	1x, 40
10	Luke	xu, 26
10	Luke	vi, 28
10	Matt	x1, 1
10	Matt	vi, 28°-31
10	?Mare	v, 7
10	Luke	x, 38-42
10	Luke	xu, 29
10	Luke	vin, 29*, 30-337
10	?Mare	vi, 12-13
10	Matt	v1, 32a-vu, 1
10	?Mare	v, 13%
10	Luke	vu, 18
10	Luke	vi, 37'-38
10	Luke	vm, 34-36
10	Matt	x1, 2
10	?Mare	w, 24>-25
10	?Mare	v, 16
10	Luke	vu, 19-27. and oe
11	?Mare	v, 33°. ?
11	Luke	x1, 16
11	Matt	vu, 28-vm, 1, 5%
11	Luke	vin, 47°-48
11	Matt	xn, 25-26"
11	Luke	vu, 2-3
11	?Mare	v, 34
11	?Mare	m1, 26
11	Matt	vm, 5>-6
11	Luke	vim, 49-50
11	Matt	xu, 26
11	Luke	vn, 4-5
11	?Mare	v, 37-39
11	Luke	x1, 18
11	Matt	vm, 7-8
11	Luke	vin, 53
11	Matt	xu, 27-29
11	Luke	va, 8-9'
11	?Mare	v, 40%=41
11	Luke	x1, 21-23
11	Matt	vm, 10°-13
11	Luke	vm, 55%
11	?Mare	11, 28-30
11	Luke	vu, 10-17
11	?Mare	v, 42
11	Matt	xu, 32-34
11	Matt	vm, 18
11	Luke	vm, 55*-56
11	?Lue	vi, 454
11	Luke	mx, 57
11	Matt	wx, 2€-33, 35-x, 1%
11	Matt	xu, 36-37
11	Matt	vin, 19-20
11	Luke	rx, 1-2
11	Luke	xu, 54-55
11	Luke	x, 59-62
11	Matt	x, 5*-10%
11	Matt	xvi, 2-49; xu, 23°23
11	?Mare	w, 353
11	?Mare	vi, 8
11	?Mare	vi, 30-31
11	Luke	vin, 22
11	Luke	m, 3
11	Luke	vu, 36-39
11	Mark	w, 367
11	Matt	x, 10
11	Luke	vin, 22%
11	?Mare	v1, 9
13	Luke	x, 16-22
13	Luke	vm, 24
13	Matt	x, 1€-27
13	Matt	x1, 28-30
13	?Mare	1v, 39-407
13	Luke	xu, 3-49
13	Luke	xtv, 25-33
13	Luke	vir, 25-278
13	Matt	x, 18
13	?Mare	v, 2
13	Luke	xu, 54
14	Luke	x1, 5-7, 8-13
14	Luke	vm, 37
14	Matt	xa, 11
14	Matt	vn, 12-16%
14	Matt	1x, 1
14	Luke	vu, 29-30
14	Luke	vi, 44
14	Luke	vit, 38-39
14	Matt	x1, 12
14	Matt	vu, 17-18
14	?Mare	v, 20-214
14	Luke	xvi, 16
14	Luke	vi, 45
14	Luke	vm, 40%-41'
14	Matt	x1, 127-15
14	Matt	vn, 19-23
14	?Mare	v, 23
14	Luke	xvi, 173 vil, 31%=35
14	Luke	vt, 47-48"
14	Matt	x, 18°-19
14	?Mare	m, 20
14	Matt	vu, 25-27
14	?Mare	v, 24'-30
14	Luke	xt, 14
14	Luke	vin, 45-47%
14	Matt	xu, 24
15	Mark	w, 36
15	Matt	x, 10°14
15	Luke	vm, 40-50
15	Matt	vin, 24%
15	?Mare	vi, 11t
15	John	un, 23-25
15	Luke	vm, 23
15	Matt	x, 15
15	Luke	x, 1-12
15	?Mare	rw, 383. Matti. x1, 20-24
15	Matt	vin, 25
16	Luke	vu, 27
16	Matt	x, 28
16	Matt	xu, 38-39
16	Luke	xt, 30
16	?Mare	rv, 33
17	John	vi, 5°-9
17	Luke	x, 13
17	Luke	v, 12
17	Matt	xm, 24-31%
17	John	vt, 10
17	?Mare	1, 41-45%
17	Luke	xm, 18
17	Mark	vt, 40
17	Luke	v, 15°16
17	?Mare	1, 30
17	Matt	xv, 18
17	John	v, 1-47
17	Luke	xm, 197
17	Mark	vi, 41
17	Matt	xm, 31
17	Matt	xtv, 19>-208
18	Mark	vu, 1-5
18	Matt	xm, 1-4"
18	Matt	xv, 3-4%
18	Luke	vim, 5
18	Matt	xtv, 1
18	Mark	vu, 10°13, 8%9
18	Matt	xu, 5-6
18	Luke	mw, 7°. -
18	Matt	xv, 7-9-
18	Luke	vm, 7
18	?Mare	vi, 14
18	Mark	vu, 14-16
18	Mark	w, 7
18	Luke	1x, 7°84
18	Matt	xv, 12-14
18	Luke	vm, 84
18	Matt	xvi, 14
18	?Mare	vu, 177
18	Mark	tv, 8
18	Luke	x, 8
18	Matt	xv, 15-16%
18	Luke	vm, 8
18	Mark	vi, 15>-16
18	Mark	vu, 18>=19
18	?Mare	I, 10-11
18	Matt	xiv, 2
18	Matt	xv, 18
18	Matt	xm, 12-16
18	Mark	vi, 17-20
18	Mark	vu, 21-23
18	Luke	x, 23
18	Matt	xv, 5
18	Matt	xv, 20-212
18	Matt	xm, 17
18	?Mare	vi, 21-29
18	Mark	vit, 24>-26%
18	?Mare	w, 13
18	Matt	xv, 12
18	Matt	xv, 22>-28'
18	Matt	xm, 18
18	Luke	x, 9-
18	Mark	vu, 29
18	?Mare	~, 14
18	Matt	xiv, 138
18	Matt	xv, 28
18	Matt	xm, 19-21
18	John	vi, 1
18	Mark	vu, 30
18	Luke	vit, 13
18	Mark	vi, 33
18	Matt	xm, 21'-22
18	John	vi, 2-57
19	Matt	xu, 40
19	Matt	xin. 34>-35
19	Luke	x1, 31
19	?Mare	ww, 34
19	Matt	xv, 25
19	Matt	xu, 41
19	Matt	xm, 36-548
19	John	vi, 19%
19	Luke	xt, 24-26
19	?Mare	vi, .2
19	Matt	xv, 26-33
19	Matt	xu, 45
19	Matt	xm, 55-578
19	John	Vly 21
19	Luke	x1, 27-28
19	Luke	1, 23-24
19	Mark	vi,54*, 51>=52, 54-56
19	Matt	xu, 46°. "
19	?Mare	vi, 4
19	John	vi, 22-61
19	Luke	vit, 19
19	Luke	tv, 25-27
19	Matt	xu, 46
19	?Mare	vi, 5-64
20	Luke	vu, 19
20	Luke	tv, 28-30
20	?Mare	m, 31
20	Mark	vi, €
20	John	vi, 62-72
20	Matt	xn, 47-50
20	Luke	xt, 37-41
20	Luke	vin, 1-3
21	Mark	tv, 19
21	Mark	vi, 34
21	Luke	vm, 15
21	Luke	ix, 11
21	?Mare	vu, 31-37
21	Matt	xin, 23
21	Matt	xiv, 15%
21	John	tv, 4-45%
21	?Mare	1, 26-29
21	?Mare	vt, 36
21	Matt	x1v, .1€-17%
23	?Mare	tv, 31
23	John	vi, 12-13
23	Matt	xm, 32
23	Matt	xtv, 21
23	Matt	xv, 29-30%
23	?Mare	tv, 32°-333
23	?Mare	vi, 45
23	John	1, 45
23	Luke	xm, 20
23	John	vt, 14-18
23	Matt	xv, 30-32
23	Matt	xm, 33>-348
23	Matt	x1v, 24
23	Mark	vm, 3
23	Matt	xv, 33-xvt, 18
23	Luke	1x, 39
23	Matt	xvi, 15-22
23	Mark	vit, 11-127
23	Matt	xvi, 15-16
23	Luke	xu, 47-50
23	Matt	xvt, 4
23	Mark	1x, 19-20, 21°-26%
23	Matt	xvi, 10-11
23	Mark	vit, 12°215
23	Luke	wx, 43
23	John	vu, 1
23	Matt	xvi, 7-8"
23	Matt	xvu, 17%
23	Luke	xi, 1-17
23	Mark	vu, 17%21%
23	Luke	x, 44
23	Matt	xvi, ni
23	Mark	1x, 27
24	Matt	xvi, 3
25	Matt	ix, 9t-20
25	Mark	vin, 35
25	Luke	ux, 46
25	?Mare	x, 214
25	Luke	1x, 25
25	Mark	1x, 32-33"
25	Matt	xix, 21%-228
25	Mark	viu, 37-38
25	Matt	xvu, 23°-xvit, 1
25	Luke	xvi, 23-24% -
25	Matt	xvi, 27
25	Luke	x, 47'
25	?Mare	x, 23.-
25	Mark	1x, 35
26	Luke	xv, aa
26	?Mare	1x, 11-32
26	Luke	xv, 1-4
26	Matt	xxu, 7-8
26	Matt	xvu, 125-13
26	Matt	xvi, 13
26	Luke	xtv, 21-238
26	Mark	1x, 13-14
26	Luke	xv, 5°-6
26	Matt	xxu, 9
26	Luke	xm, 31-33; um, 38
26	Matt	xvin, 14
26	Luke	xv, 23-24
26	Matt	xvn, 14
26	Luke	xv, 7-XVi, 1-12
26	Matt	xxu, 10-14
26	Luke	1x, 38%39'
26	John	v, 1
26	Matt	xvu, ae
27	Luke	xvu, rere
27	?Mare	wy 17
27	Matt	xvut, 23-35
27	Mark	x, 32
27	Matt	xvu, 144
27	Luke	xvm, 3~4
27	Luke	xvmt, 31
27	Mark	x, 33°-34
27	Luke	xx, 1-27
27	Luke	xvm, 33-34
27	Mark	x1, 28>-29'
28	Mark	vit, 22-277
28	Matt	xvi, 19
28	John	vu, 2-10%
28	Matt	xvi, 13%-214
28	?Mare	1x, 28-30
28	Matt	xx, 1-2
28	Mark	vit, 31-323
28	Luke	x, 44
28	John	vu, 10°31
28	Matt	xvi, 22
28	?Mare	1x, 30
28	Luke	xu, 13-21
28	Mark	vin, 33
28	Luke	ux, 45
28	Mark	x, 17-19%
28	Matt	xvi, 23
28	Matt	xvu, 22
28	Matt	xx, 17'-183
28	Mark	vi, 34}
28	Mark	x, 19
28	Luke	x, 23
29	Mark	vit, 39
29	Luke	1x, 48
29	Matt	xx, 23'-24. -
29	Matt	xvi, 28°-xvu, 1
29	?Mare	1x, 36
29	?Mare	x, 24, 26-27
29	Luke	&, 298
29	Luke	1x, 48
29	Luke	xvut, 28
29	Matt	xvn, 2
29	Matt	xvi, 6
29	Matt	xx, 27°-28
29	Luke	1x, 29
29	Luke	1x, 49
29	Mark	x, 29
29	Mark	1x, 25-3
29	Mark	1x, 38
29	Luke	xvi, 30
29	Luke	m, 315-334
29	Luke	1x, 50
29	Mark	x, 30°-31
29	Matt	xvu, 4
29	Matt	xvut. 7-8
29	Luke	xvi, 14-15, 19-31
29	Luke	1x, 33
29	Mark	x, 43
29	Matt	xx, 1-16
29	Mark	1x, 5
29	Matt	xvi, 9®
29	Luke	x1v, 1-6
29	Matt	xvu, 5
29	Mark	1x, 46°-493
29	Luke	mx, 34
29	Luke	x, 34-38
30	Matt	xvu, 5
30	Mark	1x, 497°x, 1-5"
30	Luke	xv, 7-15
30	Luke	1x, 36
30	Matt	xx, 4°-9"
30	Matt	xxu, 1-2
30	Matt	xvu, 6-9
30	Mark	x, 10-12
30	Luke	xiv, 16°17
30	?Mare	x, 9
30	Matt	xx, 9°-13%
30	Matt	xxu, 3
30	Luke	x, 36
30	?Mare	x, 1316
30	Luke	xv, 18-20
30	Mark	x, 9-104
30	Matt	xxu, 4-6
30	Matt	vu, 10
31	Matt	xx, 25>-267
31	John	vut, 12-50
31	Luke	xx, 6
31	?Mare	x, 41-44
31	?Mare	x1, 32-33
32	Luke	xx, 20
32	John	xu, 3>-6
32	Matt	xxi, 12
32	Matt	xxu, 16-17
32	Mark	xv, 4
32	John	m1, 14%
32	Mark	xu, 14>-15
32	Matt	xxvi, 9
32	Matt	xx1, 12
32	Matt	xxu, 18-31
32	Mark	x1v, 5
32	John	1, 14-15
32	Luke	xx, 26
32	Matt	xxv1, 10
32	Matt	xxi, 127.-13
32	Matt	xxn, 23-25%
32	?Mare	x1v, 6
32	John	uw, 16
32	Luke	xx, 29-31
32	John	xu, 7>-8
32	Mark	x1, 16
32	Matt	xxu, 27-29
32	Mark	xiv, 7
32	John	1, 17-22
32	?Mare	xn, 24
32	Matt	xxvi, 12
32	Mark	xu, 41-424
32	Luke	xx, 34'-36
32	Mark	x1v, 8°-9g
32	Luke	xx, 3
32	Matt	xxu, 30
32	Luke	xix, 28-297
32	Mark	xu, 44
32	Mark	xn, 26
32	Matt	xxi, 1%-a1
32	Luke	Xvi, 9-14
32	Luke	xx, 38
32	Mark	x1, 2
32	?Mare	xi, 19
32	Mark	xu, 27
32	Matt	xa, 3
32	Matt	xxi, 17
32	Matt	xx, 33
32	Luke	xx, 30
32	Luke	1x, 11
32	Luke	xx, 39
32	Matt	xxi, 1
32	Mark	xt, 12-152
32	Matt	xxu, 34-35"
32	Luke	xix, 317
32	John	mi, 1-21
32	Mark	xu, 28
32	Matt	xxt, 3-5
32	Luke	x, 25
32	John	xu, 16
33	Mark	xu, 28°-30'
33	Matt	xxi, 6
33	Mark	x1, 19-20
33	Matt	xxu, 37'-38
33	Luke	xx, 32%
33	Matt	xx1, 20
33	Mark	xu, 31
33	Matt	xx, 6
33	Mark	xi, 21-23
33	Matt	xx, 40
33	Luke	xm, 33-34%
33	Matt	xa, 21°-22
33	Mark	xu, 32-34
33	?Mare	x1, 6¢
33	Luke	xv. 5-10
33	Luke	x, 28>-37
33	Matt	xx1, 7-8
33	Mark	x1, 24-26
33	Mark	xu, 34
33	Luke	xix, 37
33	Luke	xvi, 1-8
33	Luke	xix, 47-48
33	Matt	xxi, 9
33	Mark	x1, 154
33	John	vu, 31-36
33	Mark	x1, 10
33	Luke	xtx, 38
33	?Mare	xitt, 10
33	Luke	xxu, 6
33	John	xu, 12-13
33	Luke	xu, 11
33	Mark	xiv, 12
33	Luke	xix, 39-44
33	Mark	xm, 11
33	John	xi, 1-20
33	Matt	xxt, 10-11
33	Luke	xxt, 14-15
33	Luke	xxu, 27-30", 7-10
33	John	xu, 17-18. Maitth. xx1v, 9-10
33	Mark	xiv, 13
33	Luke	xxi, 16, 18-19
33	Luke	xxu, 10°-114
34	John	xt, 9-1 r, 37
34	Matt	xxu, 15
34	?Mare	xiv, 3
35	Matt	xx, 20-21
35	Matt	xx, 24>-257
35	John	vu, 37-52
35	Mark	x, 35-40
35	Mark	x1, 30
35	Matt	xx, 41-46
36	Matt	xx, 28
36	Matt	xxt, 28-33"
36	John	vm, 51-1x, 1-38
36	Luke	xm, 22-30
36	Luke	xx, 9
36	Luke	xix, 1*10
36	Matt	sas, 34
37	Luke	xvin, 354
37	Mark	xn, 3-58
37	John	1x, 3g-x1, 1-16
37	Matt	xx, 29
37	Matt	xx, 35-36
37	?Lue	xvm 350
37	?Lue	wx 13
38	?Mare	x, 46
38	Matt	xx, 38
38	John	x1, 17-56
38	Luke	xvm, 36-37
38	Luke	xx, 14%
38	Luke	x, 51°56
38	Mark	x, 47%
38	Matt	xxt, 39-42"
38	Luke	xvm, 38-39
38	Luke	xx, oe
39	?Mare	x, 48-51
39	Matt	xx, 42-46
39	John	xu, 1-2
39	Matt	xx, 34?
39	?Mare	x1, 3
39	Luke	xvm, 42°-xm, 11'-27
40	Matt	xxv, tea
40	Matt	xxv1, 18
40	Matt	xxt, 14-16
40	Luke	xxu, 11°-12%
40	John	xt, 19-367
41	Matt	xx1v, 31-35
41	Matt	ern ay
41	Matt	xxm, 34-39
41	Luke	xxt, 34-36
41	Mark	xv, 23-243
41	John	x1, 42-50
41	Mark	xm, 32-37
41	Matt	xxvi, 28-29
41	Luke	xt, 53-xu, 1-3
41	Matt	xxv, 37-39
41	Luke	xx, 19°, 31-32
41	John	xu, 36-41
41	Luke	xvu, 28-37. -
41	John	xm, 33-36
41	Matt	xxv, a
41	Matt	xxtv, 42-44
41	Matt	xxvi, 31-33
41	Mark	xu, 1°, b
41	Luke	xxi, 5%
42	Mark	xv, 15°-16
42	Luke	xvu, 20-21; xxt, 37-38
42	Luke	xxu, 20-22
42	Luke	xxu, 14-16
42	Matt	xxut, 1-54
42	Matt	xxtv, 15-16
42	John	xm, 214
42	Mark	xu, 37°=39
42	Mark	xin, 15-16
42	Mark	xtv, 18-20
42	Matt	xxm, 5*-7
42	Luke	xxi, 23-24
42	Luke	xxu, 21
42	Mark	xt, 40
42	Mark	xu, 21
42	?Mare	x1v, 21. Maith, xx, 8-12
42	Matt	xxtv, 24
42	John	xm, 22
42	Luke	x1, 43
42	Mark	xu, 23
42	Luke	xxu, 23
42	Matt	xx, 14, 13
42	Matt	xxiv, 26-27
42	Luke	xt, 523
42	Luke	xvu, 25
43	John	™ 39838"
43	Matt	xxv, 27
43	Luke	xu, 41-428
43	Mark	xt, 30
43	Luke	xx, 43°44
43	Matt	xxtv, 45-46
43	Luke	xxn, 34
43	Mark	xtv, 1-2; xm, 3
43	Luke	xu, 44%
43	Mark	xiv, 31
43	Luke	xx, 7
43	Matt	xxtv, 47°-48
43	John	xv, 1-20
43	Matt	xxv, ‘3-43
43	Luke	xm, 45
43	Luke	xvn, 22
43	Matt	xx1v, 49°-515
44	John	xv, 1-xvi, 1-15
44	Luke	xxi, 9
44	Matt	xxvi, 1-5
45	Matt	xxut, 13°, 15-28
45	Matt	xxv, 20-21
45	John	xin, 23-29
45	Luke	x1, 45-46
45	Mark	xm, 20
45	Matt	xxvi, 25
45	Matt	xxi, 29
45	Luke	xx, 25-26"
45	John	xm, 30-32
45	Luke	x1, 47
45	Mark	xu, 24%
45	Mark	x1v, 22
45	Matt	xxut, 29°-33
45	Matt	xxtv, 28-31
45	Matt	xxv, 26
45	Luke	xx, 28
45	?Mare	x1v a
46	Matt	xxiv, 4t-5a
46	Luke	xn, 46
46	John	x1v, 21-31'
46	Luke	xxt, 8
46	Matt	xxv, 5i*-xxv, 1-30
46	Luke	xx, 35-38
46	Mark	xm, 6
46	Luke	xn; 35-38
46	John	x1v, 316
46	Luke	xxi, 8
46	Matt	xxv, 31-46
46	Luke	xx, 39. e a
46	?Mare	? 7
47	Matt	xx1y, 7
47	Luke	xxu, 25-43
47	John	xvi, 16-xvu, 1-26
47	?Lue	xx, 11
47	Matt	xxv, 15
47	Matt	xxiv, 8
47	?Mare	xv, 11"
48	Luke	xxt, 12-13
48	Matt	xxvi, 15
48	John	xvm, 1-2
48	Luke	xxu, 40
48	Luke	xxm, 59
48	Mark	xv, 15a
48	Matt	xxvi, 36
48	Matt	xxvi, 73
48	Luke	xxm, 254
48	Luke	xxu, 40
48	John	xvi, 26
48	Matt	xxvu, 26°-28
48	Matt	xxvi, 37-38
48	Mark	xiv, 71
48	John	xix, 2
48	Luke	xxn, 41
48	Luke	xxn, 60°-617
48	Matt	xxv, 29,-30
48	Mark	xiv, 35b-36
48	Mark	x1v, 30
48	John	xix, 3°12
48	Luke	xxn, 42
48	Luke	xxu, 62, 66
48	Matt	xxvi, 40
48	Matt	xxv, 1°; xxv1, 39°-
49	John	xvi, 39-40
49	John	x1x, 28-29"
49	John	xvm, 19-25%
49	Luke	xx, 19
49	Matt	xxvu, 48
49	Mark	x1v, 69
49	Mark	xv, 8-93
49	Mark	xv, 36
49	Matt	xxvi, 71°, 73°, 72
49	Matt	xxvu, 17>-18, 20-22
49	John	xix, 30
49	Luke	xxu, 584
49	Mark	xv, 13
49	Matt	xxvit, 49
49	John	xvin, 268
49	Luke	xxm, 20-23
49	Luke	xxin, 34°, 467
49	John	xx, 30
49	Luke	xxtv, 1%
49	?Mare	xvi, 11
49	Matt	xxvu, 51-54"
49	Matt	xxvm, 1
49	Luke	xxrv, 11
49	Luke	xxm, 47
49	Luke	xxtv, 1%
49	Mark	xvi, 12
49	Matt	xxvu, 54
49	Mark	xvi, 3, 4
49	Luke	xxtv, 13-35
49	Luke	xxm, 48
49	Matt	xxvut, 23
49	Mark	xvi, 13
49	John	xm, 31-37
49	Luke	xxiv, 2
49	Luke	xxmt, 49
49	Matt	xxv, 2°-4
50	Luke	xxi, 44°-45*. Tuc. xxu, 55
50	Luke	xxi, 4-16, 18
50	Mark	xv, 34
50	John	xvin, 18
50	?Mare	xv, 3
50	Matt	xxvu, 47
50	Matt	xxvi, 58°. Math. XXVIT, 12-14, 19, 15-
51	Mark	xv, 37>. 603
51	John	xix, 13-15
51	Matt	xxvi, 40-418
51	Mark	xiv, 59
51	Matt	xxvu, 24-25
51	Mark	xv, 38
51	Matt	xxvi, €o
51	John	xix, 164
51	Matt	xxvi, 42
51	Mark	xiv, 57 -59
51	Matt	xxv, 3-10
51	Mark	xv, 40
51	Matt	xxvi, 63a
51	John	xix, 10
51	Matt	xxvi, 44
51	Mark	xv, €o
51	Mark	xv, 20
51	Luke	xxu, 43-45%, 46%
51	Matt	xxvt, 62
51	John	xx, 178
51	Matt	xxvi, 45%
51	?Mare	xv, 6:"
51	Matt	xxvir, 31-321
51	Mark	xiv, 41°-42
51	Luke	xx, 66°-68
51	Mark	xv, 21
51	Matt	xxvi, 465-48
51	Matt	xxvi, 63-645
51	Matt	xxv, 32
51	Mark	xiv, 44
51	Luke	xx, 70
51	Luke	xxiu, 26°-33
51	John	xvm, 4"
51	Matt	xxvi, 64
51	John	xix, 17
51	Matt	xxvi, 49-50%
51	Mark	xiv, 63+
51	Luke	xxmt, 330
51	Luke	xxn, 48
51	Matt	xxvi, 65
51	Mark	xv, 28, 238
51	Matt	xxv1, 50
51	Luke	xxn, 71
51	Matt	xxvu, 34
51	Luke	xxu, 52%
51	Mark	xiv, 64
51	Mark	xv, 23
51	John	xvin, 4°-9
51	Matt	xxvt, 66
51	John	xix, 23-24
51	Matt	xxv1, 50
51	?Mare	xiv, 65a
51	Matt	xxv, 36
51	Luke	xxu, 49
51	Luke	xxu, 63
51	John	xix, 19-22
51	John	xvmt, 10-11
51	Mark	xiv, 65
51	Luke	xxim, 354
51	Matt	xxv1, 52-54
51	Matt	xxvi, 68
51	Matt	xxvi1, 39-40%
51	Luke	xxn, 51
51	Luke	xxm, 65
51	Mark	xv, 29
51	Matt	xxvi, 55
51	John	xvmr, 28
51	Matt	xxvu, 40-42
51	Luke	xxu, 53
51	?Mare	xv, 1
51	Luke	xxi, 35
51	Matt	xxv, 56
51	John	xvi, 28
51	Matt	xxvu, 425-43
51	John	xv, 12
51	Matt	xvu, 11
51	Luke	xxm, 36-37
51	?Mare	x1v, 51-52
51	John	xv, 29-30
51	Matt	xxvu, 44
51	John	xvm, 13-17
51	Luke	xxm, 2
51	Luke	xxi, 39-43
51	Luke	xxn, 57
51	John	xvi, 31-384
51	John	xx, 25-27
51	Mark	xtv, 68
51	Matt	xxv, 45
51	John	xv, 18
53	John	xx, 20%=xx1, 1-24
53	?Mare	xv, 40°, 41
54	Mark	xv, 41
54	Luke	xxv, 3
54	Luke	xxiv, 363
54	Matt	xxvu, 56%
54	Mark	xvt, 5
54	John	xx, 19
54	?Mare	xv, 40
54	Matt	xxv, 5-6
54	Luke	xxv, 36°-43, 44-49%
54	Matt	xxvu, 3
55	Luke	xxin, 49
55	Luke	xxiv, 4-7. . . Mart. xv, 42
55	Matt	xxv, 7'
55	Matt	xxv, 16-17
55	Luke	xxin, 50
55	Mark	xvi, 7
55	Mark	xvi, 14
55	John	xix, 38
55	Matt	xxv, 7
55	Matt	xxv, 18
55	Luke	xxm, 51
55	Luke	xxiv, 8
55	John	xx, 21
55	Mark	xv, 43-454
55	Matt	xxv, 8
55	Mark	xvi, 15
55	Matt	xxvu, 58
55	?Mare	xvi, 8°-¢
55	Matt	xxvit, 19-20
55	Mark	xv, 46
55	John	xx, 2-17
55	Mark	xvi, 16-18
55	John	xix, 38>-42
55	?Mare	xvt, 9
55	Luke	xxv, 49
55	Matt	xxvu, 6od
55	Matt	xxvii, 11°15
55	?Mare	xvi, 19
55	?Mare	xv, 47
55	John	xx, 18
55	Luke	xxiv, 50-51
55	Luke	xxm, 55°-56a
55	Matt	xxvin, 8°-10
55	Mark	xvi, 19
55	Mark	xvi, 1
55	Luke	xxv, 9
55	Luke	xxv, 52-53
55	Luke	xxm, 56
55	?Mare	xvi, 10
55	Mark	xv1, 20
55	Matt	xxvn, 62>=xxvin, 1
55	Luke	xxiv, 10
55	John	xxi, 25. BSE SS
